step,correct,regret,cumulative_regret,cost_normalized_regret,chosen
0,1.0,0.0,0.0,0.0,goalinfer
1,1.0,0.0,0.0,0.0,policy
2,1.0,0.0,0.0,0.0,protomem
3,1.0,0.0,0.0,0.0,protomem
4,1.0,0.0,0.0,0.0,policy
5,1.0,0.0,0.0,0.0,goalinfer
6,1.0,0.0,0.0,0.0,policy
7,1.0,0.0,0.0,0.0,protomem
8,1.0,0.0,0.0,0.0,protomem
9,1.0,0.0,0.0,0.0,policy
10,1.0,0.0,0.0,0.0,protomem
11,1.0,0.0,0.0,0.0,protomem
12,1.0,0.0,0.0,0.0,policy
13,1.0,0.0,0.0,0.0,goalinfer
14,1.0,0.0,0.0,0.0,protomem
15,1.0,0.0,0.0,0.0,policy
16,1.0,0.0,0.0,0.0,protomem
17,1.0,0.0,0.0,0.0,policy
18,1.0,0.0,0.0,0.0,goalinfer
19,1.0,0.0,0.0,0.0,policy
20,1.0,0.0,0.0,0.0,policy
21,1.0,0.0,0.0,0.0,policy
22,1.0,0.0,0.0,0.0,protomem
23,1.0,0.0,0.0,0.0,protomem
24,1.0,0.0,0.0,0.0,policy
25,1.0,0.0,0.0,0.0,protomem
26,1.0,0.0,0.0,0.0,goalinfer
27,1.0,0.0,0.0,0.0,protomem
28,1.0,0.0,0.0,0.0,policy
29,1.0,0.0,0.0,0.0,policy
30,1.0,0.0,0.0,0.0,protomem
31,1.0,0.0,0.0,0.0,policy
32,1.0,0.0,0.0,0.0,protomem
33,1.0,0.0,0.0,0.0,policy
34,1.0,0.0,0.0,0.0,protomem
35,1.0,0.0,0.0,0.0,policy
36,1.0,0.0,0.0,0.0,protomem
37,1.0,0.0,0.0,0.0,protomem
38,1.0,0.0,0.0,0.0,policy
39,1.0,0.0,0.0,0.0,policy
40,1.0,0.0,0.0,0.0,protomem
41,1.0,0.0,0.0,0.0,goalinfer
42,1.0,0.0,0.0,0.0,policy
43,1.0,0.0,0.0,0.0,protomem
44,1.0,0.0,0.0,0.0,protomem
45,1.0,0.0,0.0,0.0,protomem
46,1.0,0.0,0.0,0.0,policy
47,1.0,0.0,0.0,0.0,policy
48,1.0,0.0,0.0,0.0,policy
49,1.0,0.0,0.0,0.0,policy
50,1.0,0.0,0.0,0.0,protomem
51,1.0,0.0,0.0,0.0,policy
52,1.0,0.0,0.0,0.0,protomem
53,1.0,0.0,0.0,0.0,policy
54,1.0,0.0,0.0,0.0,protomem
55,1.0,0.0,0.0,0.0,policy
56,1.0,0.0,0.0,0.0,protomem
57,1.0,0.0,0.0,0.0,policy
58,1.0,0.0,0.0,0.0,policy
59,1.0,0.0,0.0,0.0,policy
60,1.0,0.0,0.0,0.0,protomem
61,1.0,0.0,0.0,0.0,protomem
62,1.0,0.0,0.0,0.0,policy
63,1.0,0.0,0.0,0.0,protomem
64,1.0,0.0,0.0,0.0,protomem
65,1.0,0.0,0.0,0.0,policy
66,1.0,0.0,0.0,0.0,policy
67,1.0,0.0,0.0,0.0,goalinfer
68,1.0,0.0,0.0,0.0,protomem
69,1.0,0.0,0.0,0.0,policy
70,1.0,0.0,0.0,0.0,policy
71,1.0,0.0,0.0,0.0,policy
72,1.0,0.0,0.0,0.0,policy
73,1.0,0.0,0.0,0.0,goalinfer
74,1.0,0.0,0.0,0.0,protomem
75,1.0,0.0,0.0,0.0,policy
76,1.0,0.0,0.0,0.0,goalinfer
77,1.0,0.0,0.0,0.0,policy
78,1.0,0.0,0.0,0.0,protomem
79,1.0,0.0,0.0,0.0,protomem
80,1.0,0.0,0.0,0.0,protomem
81,1.0,0.0,0.0,0.0,protomem
82,1.0,0.0,0.0,0.0,policy
83,1.0,0.0,0.0,0.0,policy
84,1.0,0.0,0.0,0.0,protomem
85,1.0,0.0,0.0,0.0,policy
86,1.0,0.0,0.0,0.0,protomem
87,1.0,0.0,0.0,0.0,protomem
88,1.0,0.0,0.0,0.0,protomem
89,1.0,0.0,0.0,0.0,protomem
90,1.0,0.0,0.0,0.0,protomem
91,1.0,0.0,0.0,0.0,policy
92,1.0,0.0,0.0,0.0,protomem
93,1.0,0.0,0.0,0.0,policy
94,1.0,0.0,0.0,0.0,protomem
95,1.0,0.0,0.0,0.0,protomem
96,1.0,0.0,0.0,0.0,protomem
97,1.0,0.0,0.0,0.0,policy
98,1.0,0.0,0.0,0.0,protomem
99,1.0,0.0,0.0,0.0,protomem
100,1.0,0.0,0.0,0.0,protomem
101,1.0,0.0,0.0,0.0,protomem
102,1.0,0.0,0.0,0.0,policy
103,1.0,0.0,0.0,0.0,protomem
104,1.0,0.0,0.0,0.0,protomem
105,1.0,0.0,0.0,0.0,protomem
106,1.0,0.0,0.0,0.0,protomem
107,1.0,0.0,0.0,0.0,protomem
108,1.0,0.0,0.0,0.0,protomem
109,1.0,0.0,0.0,0.0,protomem
110,1.0,0.0,0.0,0.0,protomem
111,1.0,0.0,0.0,0.0,policy
112,1.0,0.0,0.0,0.0,policy
113,1.0,0.0,0.0,0.0,protomem
114,1.0,0.0,0.0,0.0,protomem
115,1.0,0.0,0.0,0.0,policy
116,1.0,0.0,0.0,0.0,protomem
117,1.0,0.0,0.0,0.0,goalinfer
118,1.0,0.0,0.0,0.0,policy
119,1.0,0.0,0.0,0.0,protomem
120,1.0,0.0,0.0,0.0,goalinfer
121,1.0,0.0,0.0,0.0,goalinfer
122,1.0,0.0,0.0,0.0,policy
123,1.0,0.0,0.0,0.0,policy
124,1.0,0.0,0.0,0.0,protomem
125,1.0,0.0,0.0,0.0,policy
126,1.0,0.0,0.0,0.0,protomem
127,1.0,0.0,0.0,0.0,policy
128,1.0,0.0,0.0,0.0,policy
129,1.0,0.0,0.0,0.0,goalinfer
130,1.0,0.0,0.0,0.0,goalinfer
131,1.0,0.0,0.0,0.0,policy
132,1.0,0.0,0.0,0.0,protomem
133,1.0,0.0,0.0,0.0,protomem
134,1.0,0.0,0.0,0.0,protomem
135,1.0,0.0,0.0,0.0,policy
136,1.0,0.0,0.0,0.0,policy
137,1.0,0.0,0.0,0.0,policy
138,1.0,0.0,0.0,0.0,protomem
139,1.0,0.0,0.0,0.0,goalinfer
140,1.0,0.0,0.0,0.0,policy
141,1.0,0.0,0.0,0.0,protomem
142,1.0,0.0,0.0,0.0,protomem
143,1.0,0.0,0.0,0.0,protomem
144,1.0,0.0,0.0,0.0,policy
145,1.0,0.0,0.0,0.0,protomem
146,1.0,0.0,0.0,0.0,protomem
147,1.0,0.0,0.0,0.0,protomem
148,1.0,0.0,0.0,0.0,policy
149,1.0,0.0,0.0,0.0,policy
150,1.0,0.0,0.0,0.0,protomem
151,1.0,0.0,0.0,0.0,protomem
152,1.0,0.0,0.0,0.0,policy
153,1.0,0.0,0.0,0.0,protomem
154,1.0,0.0,0.0,0.0,protomem
155,1.0,0.0,0.0,0.0,policy
156,1.0,0.0,0.0,0.0,policy
157,1.0,0.0,0.0,0.0,protomem
158,1.0,0.0,0.0,0.0,policy
159,1.0,0.0,0.0,0.0,protomem
160,0.0,1.0,1.0,0.006211180124223602,policy
161,0.0,1.0,2.0,0.012345679012345678,policy
162,0.0,1.0,3.0,0.018404907975460124,policy
163,0.0,1.0,4.0,0.024390243902439025,policy
164,0.0,1.0,5.0,0.030303030303030304,policy
165,0.0,1.0,6.0,0.03614457831325301,policy
166,0.0,1.0,7.0,0.041916167664670656,policy
167,0.0,1.0,8.0,0.047619047619047616,policy
168,0.0,1.0,9.0,0.05325443786982249,policy
169,0.0,1.0,10.0,0.058823529411764705,policy
170,0.0,1.0,11.0,0.06432748538011696,policy
171,0.0,1.0,12.0,0.06976744186046512,policy
172,0.0,1.0,13.0,0.07514450867052024,policy
173,1.0,0.0,13.0,0.07471264367816093,policy
174,0.0,1.0,14.0,0.08,policy
175,0.0,1.0,15.0,0.08522727272727272,policy
176,0.0,1.0,16.0,0.0903954802259887,policy
177,0.0,1.0,17.0,0.09550561797752809,policy
178,0.0,1.0,18.0,0.1005586592178771,policy
179,0.0,1.0,19.0,0.10555555555555556,policy
180,1.0,0.0,19.0,0.10497237569060773,policy
181,1.0,0.0,19.0,0.1043956043956044,policy
182,1.0,0.0,19.0,0.10382513661202186,protomem
183,1.0,0.0,19.0,0.10326086956521739,protomem
184,1.0,0.0,19.0,0.10270270270270271,policy
185,1.0,0.0,19.0,0.10215053763440861,protomem
186,1.0,0.0,19.0,0.10160427807486631,goalinfer
187,1.0,0.0,19.0,0.10106382978723404,protomem
188,1.0,0.0,19.0,0.10052910052910052,policy
189,1.0,0.0,19.0,0.1,policy
190,1.0,0.0,19.0,0.09947643979057591,protomem
191,1.0,0.0,19.0,0.09895833333333333,policy
192,1.0,0.0,19.0,0.09844559585492228,protomem
193,1.0,0.0,19.0,0.0979381443298969,policy
194,1.0,0.0,19.0,0.09743589743589744,protomem
195,1.0,0.0,19.0,0.09693877551020408,policy
196,1.0,0.0,19.0,0.09644670050761421,protomem
197,1.0,0.0,19.0,0.09595959595959595,protomem
198,1.0,0.0,19.0,0.09547738693467336,policy
199,1.0,0.0,19.0,0.095,policy
200,1.0,0.0,19.0,0.0945273631840796,protomem
201,1.0,0.0,19.0,0.09405940594059406,policy
202,1.0,0.0,19.0,0.09359605911330049,protomem
203,1.0,0.0,19.0,0.09313725490196079,policy
204,1.0,0.0,19.0,0.09268292682926829,policy
205,1.0,0.0,19.0,0.09223300970873786,protomem
206,1.0,0.0,19.0,0.09178743961352658,protomem
207,1.0,0.0,19.0,0.09134615384615384,goalinfer
208,1.0,0.0,19.0,0.09090909090909091,policy
209,1.0,0.0,19.0,0.09047619047619047,protomem
210,1.0,0.0,19.0,0.09004739336492891,policy
211,1.0,0.0,19.0,0.08962264150943396,protomem
212,1.0,0.0,19.0,0.0892018779342723,protomem
213,1.0,0.0,19.0,0.08878504672897196,protomem
214,1.0,0.0,19.0,0.08837209302325581,protomem
215,1.0,0.0,19.0,0.08796296296296297,goalinfer
216,1.0,0.0,19.0,0.08755760368663594,policy
217,1.0,0.0,19.0,0.0871559633027523,protomem
218,1.0,0.0,19.0,0.0867579908675799,goalinfer
219,1.0,0.0,19.0,0.08636363636363636,protomem
220,1.0,0.0,19.0,0.08597285067873303,goalinfer
221,1.0,0.0,19.0,0.08558558558558559,policy
222,1.0,0.0,19.0,0.08520179372197309,policy
223,1.0,0.0,19.0,0.08482142857142858,policy
224,1.0,0.0,19.0,0.08444444444444445,policy
225,1.0,0.0,19.0,0.084070796460177,protomem
226,1.0,0.0,19.0,0.08370044052863436,protomem
227,1.0,0.0,19.0,0.08333333333333333,protomem
228,1.0,0.0,19.0,0.08296943231441048,protomem
229,1.0,0.0,19.0,0.08260869565217391,protomem
230,1.0,0.0,19.0,0.08225108225108226,policy
231,1.0,0.0,19.0,0.08189655172413793,policy
232,1.0,0.0,19.0,0.0815450643776824,protomem
233,1.0,0.0,19.0,0.0811965811965812,policy
234,1.0,0.0,19.0,0.08085106382978724,protomem
235,1.0,0.0,19.0,0.08050847457627118,policy
236,1.0,0.0,19.0,0.08016877637130802,protomem
237,1.0,0.0,19.0,0.07983193277310924,protomem
238,1.0,0.0,19.0,0.0794979079497908,protomem
239,1.0,0.0,19.0,0.07916666666666666,policy
240,1.0,0.0,19.0,0.07883817427385892,protomem
241,1.0,0.0,19.0,0.07851239669421488,policy
242,1.0,0.0,19.0,0.07818930041152264,policy
243,1.0,0.0,19.0,0.0778688524590164,protomem
244,1.0,0.0,19.0,0.07755102040816327,protomem
245,1.0,0.0,19.0,0.07723577235772358,policy
246,1.0,0.0,19.0,0.07692307692307693,protomem
247,1.0,0.0,19.0,0.07661290322580645,protomem
248,1.0,0.0,19.0,0.07630522088353414,protomem
249,1.0,0.0,19.0,0.076,protomem
250,1.0,0.0,19.0,0.07569721115537849,policy
251,1.0,0.0,19.0,0.07539682539682539,policy
252,1.0,0.0,19.0,0.07509881422924901,policy
253,1.0,0.0,19.0,0.07480314960629922,paramcomp
254,1.0,0.0,19.0,0.07450980392156863,paramcomp
255,1.0,0.0,19.0,0.07421875,protomem
256,1.0,0.0,19.0,0.07392996108949416,goalinfer
257,1.0,0.0,19.0,0.07364341085271318,protomem
258,1.0,0.0,19.0,0.07335907335907337,protomem
259,1.0,0.0,19.0,0.07307692307692308,protomem
260,1.0,0.0,19.0,0.07279693486590039,protomem
261,1.0,0.0,19.0,0.07251908396946564,policy
262,1.0,0.0,19.0,0.07224334600760456,protomem
263,1.0,0.0,19.0,0.07196969696969698,policy
264,1.0,0.0,19.0,0.07169811320754717,policy
265,1.0,0.0,19.0,0.07142857142857142,protomem
266,1.0,0.0,19.0,0.07116104868913857,protomem
267,1.0,0.0,19.0,0.0708955223880597,goalinfer
268,1.0,0.0,19.0,0.07063197026022305,policy
269,1.0,0.0,19.0,0.07037037037037037,protomem
270,1.0,0.0,19.0,0.07011070110701106,policy
271,1.0,0.0,19.0,0.06985294117647059,protomem
272,1.0,0.0,19.0,0.0695970695970696,protomem
273,1.0,0.0,19.0,0.06934306569343066,protomem
274,1.0,0.0,19.0,0.06909090909090909,protomem
275,1.0,0.0,19.0,0.06884057971014493,goalinfer
276,1.0,0.0,19.0,0.06859205776173286,policy
277,1.0,0.0,19.0,0.0683453237410072,protomem
278,1.0,0.0,19.0,0.06810035842293907,goalinfer
279,1.0,0.0,19.0,0.06785714285714285,protomem
280,0.0,1.0,20.0,0.0711743772241993,policy
281,0.0,1.0,21.0,0.07446808510638298,policy
282,0.0,1.0,22.0,0.07773851590106007,policy
283,0.0,1.0,23.0,0.08098591549295775,policy
284,0.0,1.0,24.0,0.08421052631578947,policy
285,0.0,1.0,25.0,0.08741258741258741,policy
286,0.0,1.0,26.0,0.09059233449477352,policy
287,0.0,1.0,27.0,0.09375,policy
288,1.0,0.0,27.0,0.09342560553633218,policy
289,0.0,1.0,28.0,0.09655172413793103,policy
290,0.0,1.0,29.0,0.09965635738831616,policy
291,0.0,1.0,30.0,0.10273972602739725,policy
292,0.0,1.0,31.0,0.10580204778156997,policy
293,0.0,1.0,32.0,0.10884353741496598,policy
294,0.0,1.0,33.0,0.11186440677966102,policy
295,0.0,1.0,34.0,0.11486486486486487,policy
296,1.0,0.0,34.0,0.11447811447811448,protomem
297,0.0,1.0,35.0,0.1174496644295302,policy
298,0.0,1.0,36.0,0.12040133779264214,policy
299,0.0,1.0,37.0,0.12333333333333334,policy
300,0.0,1.0,38.0,0.12624584717607973,policy
301,0.0,1.0,39.0,0.1291390728476821,policy
302,0.0,1.0,40.0,0.132013201320132,policy
303,0.0,1.0,41.0,0.13486842105263158,policy
304,0.0,1.0,42.0,0.1377049180327869,policy
305,0.0,1.0,43.0,0.14052287581699346,policy
306,0.0,1.0,44.0,0.14332247557003258,policy
307,0.0,1.0,45.0,0.1461038961038961,policy
308,0.0,1.0,46.0,0.1488673139158576,policy
309,0.0,1.0,47.0,0.15161290322580645,policy
310,0.0,1.0,48.0,0.15434083601286175,policy
311,0.0,1.0,49.0,0.15705128205128205,policy
312,0.0,1.0,50.0,0.1597444089456869,policy
313,0.0,1.0,51.0,0.1624203821656051,policy
314,0.0,1.0,52.0,0.16507936507936508,policy
315,0.0,1.0,53.0,0.16772151898734178,policy
316,0.0,1.0,54.0,0.17034700315457413,policy
317,0.0,1.0,55.0,0.17295597484276728,policy
318,0.0,1.0,56.0,0.1755485893416928,policy
319,0.0,1.0,57.0,0.178125,policy
320,1.0,0.0,57.0,0.17757009345794392,policy
321,1.0,0.0,57.0,0.17701863354037267,policy
322,1.0,0.0,57.0,0.17647058823529413,protomem
323,1.0,0.0,57.0,0.17592592592592593,protomem
324,1.0,0.0,57.0,0.1753846153846154,policy
325,1.0,0.0,57.0,0.17484662576687116,protomem
326,1.0,0.0,57.0,0.1743119266055046,goalinfer
327,1.0,0.0,57.0,0.17378048780487804,protomem
328,1.0,0.0,57.0,0.17325227963525835,policy
329,1.0,0.0,57.0,0.17272727272727273,policy
330,1.0,0.0,57.0,0.17220543806646527,protomem
331,1.0,0.0,57.0,0.1716867469879518,policy
332,1.0,0.0,57.0,0.17117117117117117,protomem
333,1.0,0.0,57.0,0.17065868263473055,policy
334,1.0,0.0,57.0,0.1701492537313433,protomem
335,1.0,0.0,57.0,0.16964285714285715,policy
336,1.0,0.0,57.0,0.16913946587537093,protomem
337,1.0,0.0,57.0,0.16863905325443787,paramcomp
338,1.0,0.0,57.0,0.168141592920354,policy
339,1.0,0.0,57.0,0.1676470588235294,policy
340,1.0,0.0,57.0,0.16715542521994134,policy
341,1.0,0.0,57.0,0.16666666666666666,policy
342,1.0,0.0,57.0,0.1661807580174927,protomem
343,1.0,0.0,57.0,0.16569767441860464,protomem
344,1.0,0.0,57.0,0.16521739130434782,policy
345,1.0,0.0,57.0,0.16473988439306358,protomem
346,1.0,0.0,57.0,0.1642651296829971,goalinfer
347,1.0,0.0,57.0,0.16379310344827586,protomem
348,1.0,0.0,57.0,0.16332378223495703,policy
349,1.0,0.0,57.0,0.16285714285714287,policy
350,1.0,0.0,57.0,0.1623931623931624,protomem
351,1.0,0.0,57.0,0.16193181818181818,policy
352,1.0,0.0,57.0,0.16147308781869688,protomem
353,1.0,0.0,57.0,0.16101694915254236,policy
354,1.0,0.0,57.0,0.16056338028169015,protomem
355,1.0,0.0,57.0,0.1601123595505618,policy
356,1.0,0.0,57.0,0.15966386554621848,protomem
357,1.0,0.0,57.0,0.15921787709497207,protomem
358,1.0,0.0,57.0,0.15877437325905291,policy
359,1.0,0.0,57.0,0.15833333333333333,policy
360,1.0,0.0,57.0,0.15789473684210525,protomem
361,1.0,0.0,57.0,0.1574585635359116,policy
362,1.0,0.0,57.0,0.15702479338842976,policy
363,1.0,0.0,57.0,0.1565934065934066,protomem
364,1.0,0.0,57.0,0.15616438356164383,protomem
365,1.0,0.0,57.0,0.1557377049180328,policy
366,1.0,0.0,57.0,0.1553133514986376,protomem
367,1.0,0.0,57.0,0.15489130434782608,protomem
368,1.0,0.0,57.0,0.15447154471544716,protomem
369,1.0,0.0,57.0,0.15405405405405406,protomem
370,1.0,0.0,57.0,0.15363881401617252,policy
371,1.0,0.0,57.0,0.1532258064516129,policy
372,1.0,0.0,57.0,0.15281501340482573,policy
373,1.0,0.0,57.0,0.15240641711229946,paramcomp
374,1.0,0.0,57.0,0.152,paramcomp
375,1.0,0.0,57.0,0.15159574468085107,protomem
376,1.0,0.0,57.0,0.15119363395225463,goalinfer
377,1.0,0.0,57.0,0.15079365079365079,protomem
378,1.0,0.0,57.0,0.1503957783641161,protomem
379,1.0,0.0,57.0,0.15,protomem
380,0.0,1.0,58.0,0.15223097112860892,policy
381,0.0,1.0,59.0,0.1544502617801047,policy
382,0.0,1.0,60.0,0.1566579634464752,policy
383,0.0,1.0,61.0,0.15885416666666666,policy
384,0.0,1.0,62.0,0.16103896103896104,policy
385,0.0,1.0,63.0,0.16321243523316062,policy
386,0.0,1.0,64.0,0.165374677002584,policy
387,0.0,1.0,65.0,0.16752577319587628,policy
388,0.0,1.0,66.0,0.16966580976863754,policy
389,0.0,1.0,67.0,0.1717948717948718,policy
390,0.0,1.0,68.0,0.17391304347826086,policy
391,1.0,0.0,68.0,0.17346938775510204,goalinfer
392,1.0,0.0,68.0,0.17302798982188294,policy
393,0.0,1.0,69.0,0.1751269035532995,policy
394,0.0,1.0,70.0,0.17721518987341772,policy
395,0.0,1.0,71.0,0.17929292929292928,policy
396,0.0,1.0,72.0,0.181360201511335,policy
397,0.0,1.0,73.0,0.18341708542713567,policy
398,0.0,1.0,74.0,0.18546365914786966,policy
399,1.0,0.0,74.0,0.185,goalinfer
400,0.0,1.0,75.0,0.18703241895261846,policy
401,0.0,1.0,76.0,0.1890547263681592,policy
402,0.0,1.0,77.0,0.19106699751861042,policy
403,0.0,1.0,78.0,0.19306930693069307,policy
404,0.0,1.0,79.0,0.19506172839506172,policy
405,0.0,1.0,80.0,0.19704433497536947,policy
406,0.0,1.0,81.0,0.19901719901719903,policy
407,0.0,1.0,82.0,0.20098039215686275,policy
408,0.0,1.0,83.0,0.20293398533007334,policy
409,0.0,1.0,84.0,0.2048780487804878,policy
410,1.0,0.0,84.0,0.20437956204379562,protomem
411,0.0,1.0,85.0,0.20631067961165048,policy
412,0.0,1.0,86.0,0.20823244552058112,policy
413,0.0,1.0,87.0,0.21014492753623187,policy
414,1.0,0.0,87.0,0.20963855421686747,protomem
415,0.0,1.0,88.0,0.21153846153846154,policy
416,0.0,1.0,89.0,0.21342925659472423,policy
417,0.0,1.0,90.0,0.215311004784689,policy
418,0.0,1.0,91.0,0.2171837708830549,policy
419,0.0,1.0,92.0,0.21904761904761905,policy
420,1.0,0.0,92.0,0.21852731591448932,protomem
421,1.0,0.0,92.0,0.21800947867298578,protomem
422,1.0,0.0,92.0,0.21749408983451538,protomem
423,1.0,0.0,92.0,0.2169811320754717,policy
424,1.0,0.0,92.0,0.2164705882352941,protomem
425,1.0,0.0,92.0,0.215962441314554,protomem
426,1.0,0.0,92.0,0.2154566744730679,protomem
427,1.0,0.0,92.0,0.21495327102803738,policy
428,1.0,0.0,92.0,0.21445221445221446,policy
429,1.0,0.0,92.0,0.21395348837209302,protomem
430,1.0,0.0,92.0,0.21345707656612528,protomem
431,1.0,0.0,92.0,0.21296296296296297,protomem
432,1.0,0.0,92.0,0.21247113163972287,protomem
433,1.0,0.0,92.0,0.2119815668202765,policy
434,1.0,0.0,92.0,0.21149425287356322,protomem
435,1.0,0.0,92.0,0.21100917431192662,goalinfer
436,1.0,0.0,92.0,0.21052631578947367,protomem
437,1.0,0.0,92.0,0.2100456621004566,protomem
438,1.0,0.0,92.0,0.20956719817767655,goalinfer
439,1.0,0.0,92.0,0.20909090909090908,policy
440,1.0,0.0,92.0,0.20861678004535147,policy
441,1.0,0.0,92.0,0.2081447963800905,protomem
442,1.0,0.0,92.0,0.2076749435665914,protomem
443,1.0,0.0,92.0,0.2072072072072072,protomem
444,1.0,0.0,92.0,0.20674157303370785,protomem
445,1.0,0.0,92.0,0.2062780269058296,protomem
446,1.0,0.0,92.0,0.2058165548098434,protomem
447,1.0,0.0,92.0,0.20535714285714285,protomem
448,1.0,0.0,92.0,0.20489977728285078,protomem
449,1.0,0.0,92.0,0.20444444444444446,protomem
450,1.0,0.0,92.0,0.2039911308203991,policy
451,1.0,0.0,92.0,0.20353982300884957,protomem
452,1.0,0.0,92.0,0.20309050772626933,goalinfer
453,1.0,0.0,92.0,0.2026431718061674,protomem
454,1.0,0.0,92.0,0.2021978021978022,protomem
455,1.0,0.0,92.0,0.20175438596491227,protomem
456,1.0,0.0,92.0,0.2013129102844639,policy
457,1.0,0.0,92.0,0.20087336244541484,protomem
458,1.0,0.0,92.0,0.20043572984749455,policy
459,1.0,0.0,92.0,0.2,protomem
460,0.0,1.0,93.0,0.2017353579175705,policy
461,0.0,1.0,94.0,0.20346320346320346,policy
462,0.0,1.0,95.0,0.20518358531317496,policy
463,0.0,1.0,96.0,0.20689655172413793,policy
464,0.0,1.0,97.0,0.2086021505376344,policy
465,0.0,1.0,98.0,0.21030042918454936,policy
466,0.0,1.0,99.0,0.21199143468950749,policy
467,0.0,1.0,100.0,0.21367521367521367,policy
468,0.0,1.0,101.0,0.21535181236673773,policy
469,0.0,1.0,102.0,0.2170212765957447,policy
470,0.0,1.0,103.0,0.21868365180467092,policy
471,1.0,0.0,103.0,0.21822033898305085,goalinfer
472,0.0,1.0,104.0,0.21987315010570824,policy
473,0.0,1.0,105.0,0.22151898734177214,policy
474,0.0,1.0,106.0,0.2231578947368421,policy
475,0.0,1.0,107.0,0.22478991596638656,policy
476,0.0,1.0,108.0,0.22641509433962265,policy
477,0.0,1.0,109.0,0.2280334728033473,policy
478,0.0,1.0,110.0,0.22964509394572025,policy
479,0.0,1.0,111.0,0.23125,policy
480,1.0,0.0,111.0,0.23076923076923078,policy
481,1.0,0.0,111.0,0.23029045643153526,protomem
482,1.0,0.0,111.0,0.22981366459627328,policy
483,1.0,0.0,111.0,0.22933884297520662,protomem
484,1.0,0.0,111.0,0.2288659793814433,policy
485,1.0,0.0,111.0,0.22839506172839505,protomem
486,1.0,0.0,111.0,0.22792607802874743,policy
487,1.0,0.0,111.0,0.22745901639344263,protomem
488,1.0,0.0,111.0,0.22699386503067484,protomem
489,1.0,0.0,111.0,0.22653061224489796,policy
490,1.0,0.0,111.0,0.22606924643584522,policy
491,1.0,0.0,111.0,0.22560975609756098,policy
492,1.0,0.0,111.0,0.22515212981744423,protomem
493,1.0,0.0,111.0,0.22469635627530365,protomem
494,1.0,0.0,111.0,0.22424242424242424,protomem
495,1.0,0.0,111.0,0.22379032258064516,protomem
496,1.0,0.0,111.0,0.22334004024144868,protomem
497,1.0,0.0,111.0,0.22289156626506024,goalinfer
498,1.0,0.0,111.0,0.22244488977955912,policy
499,1.0,0.0,111.0,0.222,protomem
500,1.0,0.0,111.0,0.2215568862275449,policy
501,1.0,0.0,111.0,0.22111553784860558,protomem
502,1.0,0.0,111.0,0.220675944333996,policy
503,1.0,0.0,111.0,0.22023809523809523,protomem
504,1.0,0.0,111.0,0.2198019801980198,policy
505,1.0,0.0,111.0,0.21936758893280633,protomem
506,1.0,0.0,111.0,0.21893491124260356,policy
507,1.0,0.0,111.0,0.21850393700787402,protomem
508,1.0,0.0,111.0,0.2180746561886051,protomem
509,1.0,0.0,111.0,0.21764705882352942,policy
510,1.0,0.0,111.0,0.2172211350293542,policy
511,1.0,0.0,111.0,0.216796875,policy
512,1.0,0.0,111.0,0.21637426900584794,protomem
513,1.0,0.0,111.0,0.21595330739299612,protomem
514,1.0,0.0,111.0,0.21553398058252426,protomem
515,1.0,0.0,111.0,0.21511627906976744,protomem
516,1.0,0.0,111.0,0.21470019342359767,protomem
517,1.0,0.0,111.0,0.21428571428571427,goalinfer
518,1.0,0.0,111.0,0.2138728323699422,policy
519,1.0,0.0,111.0,0.21346153846153845,protomem
520,0.0,1.0,112.0,0.21497120921305182,policy
521,0.0,1.0,113.0,0.2164750957854406,policy
522,0.0,1.0,114.0,0.2179732313575526,policy
523,0.0,1.0,115.0,0.21946564885496184,policy
524,0.0,1.0,116.0,0.22095238095238096,policy
525,0.0,1.0,117.0,0.2224334600760456,policy
526,1.0,0.0,117.0,0.222011385199241,protomem
527,0.0,1.0,118.0,0.22348484848484848,policy
528,0.0,1.0,119.0,0.22495274102079396,policy
529,0.0,1.0,120.0,0.22641509433962265,policy
530,0.0,1.0,121.0,0.2278719397363465,policy
531,0.0,1.0,122.0,0.22932330827067668,policy
532,0.0,1.0,123.0,0.23076923076923078,policy
533,0.0,1.0,124.0,0.23220973782771537,policy
534,0.0,1.0,125.0,0.2336448598130841,policy
535,0.0,1.0,126.0,0.23507462686567165,policy
536,0.0,1.0,127.0,0.23649906890130354,policy
537,0.0,1.0,128.0,0.2379182156133829,policy
538,0.0,1.0,129.0,0.23933209647495363,policy
539,0.0,1.0,130.0,0.24074074074074073,policy
540,1.0,0.0,130.0,0.24029574861367836,protomem
541,1.0,0.0,130.0,0.23985239852398524,policy
542,1.0,0.0,130.0,0.23941068139963168,policy
543,1.0,0.0,130.0,0.23897058823529413,protomem
544,1.0,0.0,130.0,0.23853211009174313,policy
545,1.0,0.0,130.0,0.23809523809523808,policy
546,1.0,0.0,130.0,0.2376599634369287,protomem
547,1.0,0.0,130.0,0.23722627737226276,protomem
548,1.0,0.0,130.0,0.23679417122040072,protomem
549,1.0,0.0,130.0,0.23636363636363636,protomem
550,1.0,0.0,130.0,0.23593466424682397,protomem
551,1.0,0.0,130.0,0.23550724637681159,protomem
552,1.0,0.0,130.0,0.23508137432188064,protomem
553,1.0,0.0,130.0,0.23465703971119134,policy
554,1.0,0.0,130.0,0.23423423423423423,policy
555,1.0,0.0,130.0,0.23381294964028776,protomem
556,1.0,0.0,130.0,0.2333931777378815,protomem
557,1.0,0.0,130.0,0.23297491039426524,protomem
558,1.0,0.0,130.0,0.23255813953488372,protomem
559,1.0,0.0,130.0,0.23214285714285715,policy
560,0.0,1.0,131.0,0.23351158645276293,policy
561,0.0,1.0,132.0,0.23487544483985764,policy
562,0.0,1.0,133.0,0.23623445825932504,policy
563,0.0,1.0,134.0,0.2375886524822695,policy
564,0.0,1.0,135.0,0.23893805309734514,policy
565,1.0,0.0,135.0,0.23851590106007067,protomem
566,0.0,1.0,136.0,0.23985890652557318,policy
567,0.0,1.0,137.0,0.24119718309859156,policy
568,0.0,1.0,138.0,0.24253075571177504,policy
569,0.0,1.0,139.0,0.24385964912280703,policy
570,0.0,1.0,140.0,0.24518388791593695,policy
571,0.0,1.0,141.0,0.2465034965034965,policy
572,0.0,1.0,142.0,0.24781849912739964,policy
573,0.0,1.0,143.0,0.24912891986062718,policy
574,0.0,1.0,144.0,0.25043478260869567,policy
575,0.0,1.0,145.0,0.2517361111111111,policy
576,0.0,1.0,146.0,0.2530329289428076,policy
577,0.0,1.0,147.0,0.25432525951557095,policy
578,0.0,1.0,148.0,0.2556131260794473,policy
579,0.0,1.0,149.0,0.25689655172413794,policy
580,0.0,1.0,150.0,0.25817555938037867,policy
581,0.0,1.0,151.0,0.25945017182130586,policy
582,0.0,1.0,152.0,0.2607204116638079,policy
583,0.0,1.0,153.0,0.261986301369863,policy
584,1.0,0.0,153.0,0.26153846153846155,goalinfer
585,0.0,1.0,154.0,0.2627986348122867,policy
586,0.0,1.0,155.0,0.26405451448040884,policy
587,0.0,1.0,156.0,0.2653061224489796,policy
588,0.0,1.0,157.0,0.266553480475382,policy
589,0.0,1.0,158.0,0.2677966101694915,policy
590,0.0,1.0,159.0,0.26903553299492383,policy
591,0.0,1.0,160.0,0.2702702702702703,policy
592,0.0,1.0,161.0,0.2715008431703204,policy
593,0.0,1.0,162.0,0.2727272727272727,policy
594,0.0,1.0,163.0,0.2739495798319328,policy
595,0.0,1.0,164.0,0.2751677852348993,policy
596,1.0,0.0,164.0,0.2747068676716918,protomem
597,0.0,1.0,165.0,0.27591973244147155,policy
598,0.0,1.0,166.0,0.27712854757929883,policy
599,1.0,0.0,166.0,0.27666666666666667,policy
600,1.0,0.0,166.0,0.2762063227953411,protomem
601,1.0,0.0,166.0,0.2757475083056478,policy
602,1.0,0.0,166.0,0.2752902155887231,protomem
603,1.0,0.0,166.0,0.27483443708609273,protomem
604,1.0,0.0,166.0,0.2743801652892562,protomem
605,1.0,0.0,166.0,0.2739273927392739,protomem
606,1.0,0.0,166.0,0.27347611202635913,protomem
607,1.0,0.0,166.0,0.2730263157894737,policy
608,1.0,0.0,166.0,0.27257799671592775,policy
609,1.0,0.0,166.0,0.2721311475409836,protomem
610,1.0,0.0,166.0,0.27168576104746317,protomem
611,1.0,0.0,166.0,0.27124183006535946,protomem
612,1.0,0.0,166.0,0.2707993474714519,protomem
613,1.0,0.0,166.0,0.2703583061889251,policy
614,1.0,0.0,166.0,0.26991869918699185,policy
615,1.0,0.0,166.0,0.2694805194805195,protomem
616,1.0,0.0,166.0,0.26904376012965964,protomem
617,1.0,0.0,166.0,0.2686084142394822,policy
618,1.0,0.0,166.0,0.2681744749596123,protomem
619,1.0,0.0,166.0,0.267741935483871,policy
620,0.0,1.0,167.0,0.2689210950080515,policy
621,0.0,1.0,168.0,0.27009646302250806,policy
622,1.0,0.0,168.0,0.2696629213483146,policy
623,1.0,0.0,168.0,0.2692307692307692,policy
624,1.0,0.0,168.0,0.2688,protomem
625,1.0,0.0,168.0,0.268370607028754,policy
626,1.0,0.0,168.0,0.2679425837320574,protomem
627,1.0,0.0,168.0,0.267515923566879,policy
628,1.0,0.0,168.0,0.2670906200317965,policy
629,1.0,0.0,168.0,0.26666666666666666,protomem
630,0.0,1.0,169.0,0.26782884310618066,policy
631,1.0,0.0,169.0,0.2674050632911392,policy
632,1.0,0.0,169.0,0.2669826224328594,protomem
633,1.0,0.0,169.0,0.2665615141955836,paramcomp
634,1.0,0.0,169.0,0.26614173228346455,protomem
635,1.0,0.0,169.0,0.26572327044025157,policy
636,1.0,0.0,169.0,0.2653061224489796,policy
637,1.0,0.0,169.0,0.26489028213166144,policy
638,1.0,0.0,169.0,0.2644757433489828,protomem
639,0.0,1.0,170.0,0.265625,policy
640,0.0,1.0,171.0,0.2667706708268331,policy
641,0.0,1.0,172.0,0.26791277258566976,policy
642,0.0,1.0,173.0,0.2690513219284603,policy
643,0.0,1.0,174.0,0.2701863354037267,policy
644,0.0,1.0,175.0,0.2713178294573643,policy
645,0.0,1.0,176.0,0.2724458204334365,policy
646,0.0,1.0,177.0,0.2735703245749614,policy
647,0.0,1.0,178.0,0.27469135802469136,policy
648,0.0,1.0,179.0,0.275808936825886,policy
649,1.0,0.0,179.0,0.2753846153846154,goalinfer
650,0.0,1.0,180.0,0.2764976958525346,policy
651,1.0,0.0,180.0,0.27607361963190186,policy
652,0.0,1.0,181.0,0.2771822358346095,policy
653,0.0,1.0,182.0,0.2782874617737003,policy
654,0.0,1.0,183.0,0.27938931297709924,policy
655,0.0,1.0,184.0,0.2804878048780488,policy
656,0.0,1.0,185.0,0.2815829528158295,policy
657,0.0,1.0,186.0,0.2826747720364742,policy
658,0.0,1.0,187.0,0.283763277693475,policy
659,0.0,1.0,188.0,0.28484848484848485,policy
660,1.0,0.0,188.0,0.2844175491679274,policy
661,1.0,0.0,188.0,0.283987915407855,protomem
662,1.0,0.0,188.0,0.28355957767722473,protomem
663,1.0,0.0,188.0,0.28313253012048195,protomem
664,1.0,0.0,188.0,0.28270676691729324,protomem
665,1.0,0.0,188.0,0.2822822822822823,protomem
666,0.0,1.0,189.0,0.28335832083958024,policy
667,1.0,0.0,189.0,0.28293413173652693,protomem
668,1.0,0.0,189.0,0.2825112107623318,policy
669,1.0,0.0,189.0,0.282089552238806,policy
670,1.0,0.0,189.0,0.2816691505216095,protomem
671,1.0,0.0,189.0,0.28125,protomem
672,1.0,0.0,189.0,0.28083209509658247,protomem
673,1.0,0.0,189.0,0.28041543026706234,protomem
674,1.0,0.0,189.0,0.28,protomem
675,1.0,0.0,189.0,0.27958579881656803,policy
676,1.0,0.0,189.0,0.2791728212703102,policy
677,1.0,0.0,189.0,0.27876106194690264,protomem
678,1.0,0.0,189.0,0.27835051546391754,policy
679,1.0,0.0,189.0,0.27794117647058825,protomem
680,0.0,1.0,190.0,0.2790014684287812,policy
681,0.0,1.0,191.0,0.28005865102639294,policy
682,1.0,0.0,191.0,0.2796486090775988,policy
683,1.0,0.0,191.0,0.27923976608187134,policy
684,1.0,0.0,191.0,0.27883211678832115,protomem
685,1.0,0.0,191.0,0.2784256559766764,policy
686,1.0,0.0,191.0,0.2780203784570597,protomem
687,1.0,0.0,191.0,0.27761627906976744,policy
688,1.0,0.0,191.0,0.2772133526850508,policy
689,1.0,0.0,191.0,0.2768115942028985,protomem
690,0.0,1.0,192.0,0.2778581765557164,policy
691,1.0,0.0,192.0,0.2774566473988439,policy
692,1.0,0.0,192.0,0.27705627705627706,protomem
693,1.0,0.0,192.0,0.276657060518732,paramcomp
694,1.0,0.0,192.0,0.2762589928057554,protomem
695,1.0,0.0,192.0,0.27586206896551724,policy
696,1.0,0.0,192.0,0.27546628407460544,policy
697,1.0,0.0,192.0,0.27507163323782235,policy
698,1.0,0.0,192.0,0.27467811158798283,protomem
699,0.0,1.0,193.0,0.2757142857142857,policy
700,1.0,0.0,193.0,0.275320970042796,protomem
701,1.0,0.0,193.0,0.27492877492877493,policy
702,1.0,0.0,193.0,0.27453769559032715,protomem
703,1.0,0.0,193.0,0.2741477272727273,protomem
704,1.0,0.0,193.0,0.27375886524822696,protomem
705,1.0,0.0,193.0,0.273371104815864,protomem
706,1.0,0.0,193.0,0.272984441301273,protomem
707,1.0,0.0,193.0,0.2725988700564972,protomem
708,1.0,0.0,193.0,0.27221438645980256,policy
709,1.0,0.0,193.0,0.271830985915493,protomem
710,1.0,0.0,193.0,0.2714486638537271,policy
711,1.0,0.0,193.0,0.2710674157303371,protomem
712,1.0,0.0,193.0,0.270687237026648,protomem
713,1.0,0.0,193.0,0.2703081232492997,protomem
714,1.0,0.0,193.0,0.2699300699300699,policy
715,1.0,0.0,193.0,0.26955307262569833,protomem
716,0.0,1.0,194.0,0.2705718270571827,policy
717,1.0,0.0,194.0,0.27019498607242337,protomem
718,1.0,0.0,194.0,0.2698191933240612,protomem
719,1.0,0.0,194.0,0.26944444444444443,protomem
720,0.0,1.0,195.0,0.27045769764216365,policy
721,0.0,1.0,196.0,0.27146814404432135,policy
722,1.0,0.0,196.0,0.2710926694329184,policy
723,1.0,0.0,196.0,0.27071823204419887,policy
724,1.0,0.0,196.0,0.27034482758620687,protomem
725,1.0,0.0,196.0,0.2699724517906336,policy
726,1.0,0.0,196.0,0.2696011004126547,protomem
727,1.0,0.0,196.0,0.2692307692307692,policy
728,1.0,0.0,196.0,0.26886145404663925,policy
729,1.0,0.0,196.0,0.2684931506849315,protomem
730,0.0,1.0,197.0,0.2694938440492476,policy
731,1.0,0.0,197.0,0.2691256830601093,policy
732,1.0,0.0,197.0,0.26875852660300137,protomem
733,1.0,0.0,197.0,0.2683923705722071,protomem
734,1.0,0.0,197.0,0.2680272108843537,protomem
735,1.0,0.0,197.0,0.26766304347826086,policy
736,1.0,0.0,197.0,0.2672998643147897,policy
737,1.0,0.0,197.0,0.2669376693766938,policy
738,1.0,0.0,197.0,0.2665764546684709,protomem
739,0.0,1.0,198.0,0.26756756756756755,policy
740,1.0,0.0,198.0,0.26720647773279355,policy
741,1.0,0.0,198.0,0.2668463611859838,protomem
742,1.0,0.0,198.0,0.26648721399730824,policy
743,1.0,0.0,198.0,0.2661290322580645,protomem
744,1.0,0.0,198.0,0.2657718120805369,protomem
745,1.0,0.0,198.0,0.26541554959785524,policy
746,1.0,0.0,198.0,0.26506024096385544,policy
747,1.0,0.0,198.0,0.2647058823529412,policy
748,1.0,0.0,198.0,0.2643524699599466,policy
749,1.0,0.0,198.0,0.264,policy
750,1.0,0.0,198.0,0.2636484687083888,protomem
751,1.0,0.0,198.0,0.2632978723404255,policy
752,1.0,0.0,198.0,0.26294820717131473,protomem
753,1.0,0.0,198.0,0.2625994694960212,protomem
754,1.0,0.0,198.0,0.26225165562913905,protomem
755,1.0,0.0,198.0,0.2619047619047619,protomem
756,1.0,0.0,198.0,0.261558784676354,protomem
757,1.0,0.0,198.0,0.2612137203166227,policy
758,1.0,0.0,198.0,0.2608695652173913,protomem
759,1.0,0.0,198.0,0.26052631578947366,protomem
760,1.0,0.0,198.0,0.26018396846254926,policy
761,1.0,0.0,198.0,0.25984251968503935,protomem
762,1.0,0.0,198.0,0.2595019659239843,policy
763,1.0,0.0,198.0,0.2591623036649215,protomem
764,1.0,0.0,198.0,0.25882352941176473,policy
765,1.0,0.0,198.0,0.2584856396866841,protomem
766,1.0,0.0,198.0,0.258148631029987,policy
767,1.0,0.0,198.0,0.2578125,protomem
768,1.0,0.0,198.0,0.2574772431729519,protomem
769,1.0,0.0,198.0,0.2571428571428571,policy
770,1.0,0.0,198.0,0.25680933852140075,policy
771,1.0,0.0,198.0,0.25647668393782386,policy
772,1.0,0.0,198.0,0.25614489003880986,protomem
773,1.0,0.0,198.0,0.2558139534883721,protomem
774,1.0,0.0,198.0,0.25548387096774194,protomem
775,1.0,0.0,198.0,0.2551546391752577,protomem
776,1.0,0.0,198.0,0.2548262548262548,protomem
777,0.0,1.0,199.0,0.25578406169665807,policy
778,1.0,0.0,199.0,0.2554557124518614,policy
779,1.0,0.0,199.0,0.2551282051282051,protomem
780,1.0,0.0,199.0,0.25480153649167736,policy
781,1.0,0.0,199.0,0.2544757033248082,policy
782,1.0,0.0,199.0,0.2541507024265645,policy
783,1.0,0.0,199.0,0.2538265306122449,policy
784,1.0,0.0,199.0,0.2535031847133758,protomem
785,1.0,0.0,199.0,0.25318066157760816,policy
786,1.0,0.0,199.0,0.25285895806861497,policy
787,1.0,0.0,199.0,0.25253807106598986,protomem
788,1.0,0.0,199.0,0.2522179974651457,protomem
789,1.0,0.0,199.0,0.2518987341772152,protomem
790,1.0,0.0,199.0,0.2515802781289507,protomem
791,1.0,0.0,199.0,0.25126262626262624,policy
792,1.0,0.0,199.0,0.2509457755359395,protomem
793,1.0,0.0,199.0,0.2506297229219144,protomem
794,1.0,0.0,199.0,0.25031446540880503,paramcomp
795,1.0,0.0,199.0,0.25,policy
796,1.0,0.0,199.0,0.24968632371392724,policy
797,1.0,0.0,199.0,0.24937343358395989,protomem
798,1.0,0.0,199.0,0.2490613266583229,policy
799,1.0,0.0,199.0,0.24875,protomem
800,1.0,0.0,199.0,0.2484394506866417,protomem
801,0.0,1.0,200.0,0.24937655860349128,policy
802,1.0,0.0,200.0,0.24906600249066002,protomem
803,0.0,1.0,201.0,0.25,policy
804,0.0,1.0,202.0,0.25093167701863356,policy
805,0.0,1.0,203.0,0.2518610421836228,policy
806,0.0,1.0,204.0,0.2527881040892193,policy
807,0.0,1.0,205.0,0.2537128712871287,policy
808,0.0,1.0,206.0,0.2546353522867738,policy
809,0.0,1.0,207.0,0.25555555555555554,policy
810,0.0,1.0,208.0,0.2564734895191122,policy
811,0.0,1.0,209.0,0.25738916256157635,policy
812,0.0,1.0,210.0,0.25830258302583026,policy
813,0.0,1.0,211.0,0.2592137592137592,policy
814,0.0,1.0,212.0,0.26012269938650306,policy
815,1.0,0.0,212.0,0.25980392156862747,goalinfer
816,0.0,1.0,213.0,0.2607099143206854,policy
817,0.0,1.0,214.0,0.2616136919315403,policy
818,0.0,1.0,215.0,0.2625152625152625,policy
819,1.0,0.0,215.0,0.2621951219512195,policy
820,1.0,0.0,215.0,0.2618757612667479,policy
821,1.0,0.0,215.0,0.2615571776155718,policy
822,1.0,0.0,215.0,0.26123936816524906,policy
823,1.0,0.0,215.0,0.2609223300970874,protomem
824,1.0,0.0,215.0,0.2606060606060606,protomem
825,1.0,0.0,215.0,0.2602905569007264,protomem
826,1.0,0.0,215.0,0.2599758162031439,protomem
827,1.0,0.0,215.0,0.25966183574879226,protomem
828,1.0,0.0,215.0,0.25934861278648974,protomem
829,1.0,0.0,215.0,0.25903614457831325,protomem
830,1.0,0.0,215.0,0.25872442839951865,policy
831,1.0,0.0,215.0,0.25841346153846156,protomem
832,1.0,0.0,215.0,0.2581032412965186,protomem
833,1.0,0.0,215.0,0.2577937649880096,policy
834,1.0,0.0,215.0,0.25748502994011974,protomem
835,1.0,0.0,215.0,0.25717703349282295,policy
836,1.0,0.0,215.0,0.25686977299880526,protomem
837,1.0,0.0,215.0,0.256563245823389,protomem
838,1.0,0.0,215.0,0.2562574493444577,protomem
839,1.0,0.0,215.0,0.25595238095238093,protomem
840,0.0,1.0,216.0,0.2568370986920333,policy
841,0.0,1.0,217.0,0.25771971496437057,policy
842,0.0,1.0,218.0,0.2586002372479241,policy
843,0.0,1.0,219.0,0.259478672985782,policy
844,0.0,1.0,220.0,0.2603550295857988,policy
845,0.0,1.0,221.0,0.26122931442080377,policy
846,0.0,1.0,222.0,0.26210153482880755,policy
847,0.0,1.0,223.0,0.26297169811320753,policy
848,0.0,1.0,224.0,0.26383981154299174,policy
849,0.0,1.0,225.0,0.2647058823529412,policy
850,0.0,1.0,226.0,0.26556991774383076,policy
851,0.0,1.0,227.0,0.2664319248826291,policy
852,0.0,1.0,228.0,0.2672919109026964,policy
853,0.0,1.0,229.0,0.2681498829039813,policy
854,0.0,1.0,230.0,0.26900584795321636,policy
855,0.0,1.0,231.0,0.26985981308411217,policy
856,0.0,1.0,232.0,0.2707117852975496,policy
857,1.0,0.0,232.0,0.2703962703962704,protomem
858,0.0,1.0,233.0,0.2712456344586729,policy
859,0.0,1.0,234.0,0.27209302325581397,policy
860,1.0,0.0,234.0,0.27177700348432055,policy
861,1.0,0.0,234.0,0.271461716937355,protomem
862,1.0,0.0,234.0,0.2711471610660487,policy
863,1.0,0.0,234.0,0.2708333333333333,protomem
864,1.0,0.0,234.0,0.2705202312138728,policy
865,1.0,0.0,234.0,0.2702078521939954,policy
866,1.0,0.0,234.0,0.2698961937716263,protomem
867,1.0,0.0,234.0,0.2695852534562212,policy
868,0.0,1.0,235.0,0.27042577675489066,policy
869,1.0,0.0,235.0,0.27011494252873564,protomem
870,1.0,0.0,235.0,0.269804822043628,protomem
871,1.0,0.0,235.0,0.2694954128440367,protomem
872,1.0,0.0,235.0,0.26918671248568155,protomem
873,1.0,0.0,235.0,0.26887871853546913,paramcomp
874,1.0,0.0,235.0,0.26857142857142857,policy
875,1.0,0.0,235.0,0.2682648401826484,policy
876,1.0,0.0,235.0,0.26795895096921324,policy
877,1.0,0.0,235.0,0.26765375854214124,protomem
878,1.0,0.0,235.0,0.267349260523322,protomem
879,1.0,0.0,235.0,0.26704545454545453,protomem
880,1.0,0.0,235.0,0.2667423382519864,protomem
881,1.0,0.0,235.0,0.26643990929705214,protomem
882,1.0,0.0,235.0,0.26613816534541335,policy
883,1.0,0.0,235.0,0.2658371040723982,protomem
884,1.0,0.0,235.0,0.2655367231638418,protomem
885,1.0,0.0,235.0,0.2652370203160271,policy
886,1.0,0.0,235.0,0.2649379932356257,policy
887,0.0,1.0,236.0,0.26576576576576577,policy
888,1.0,0.0,236.0,0.265466816647919,protomem
889,1.0,0.0,236.0,0.2651685393258427,policy
890,1.0,0.0,236.0,0.2648709315375982,policy
891,1.0,0.0,236.0,0.2645739910313901,policy
892,1.0,0.0,236.0,0.2642777155655095,policy
893,0.0,1.0,237.0,0.2651006711409396,policy
894,1.0,0.0,237.0,0.264804469273743,protomem
895,1.0,0.0,237.0,0.26450892857142855,policy
896,0.0,1.0,238.0,0.2653288740245262,policy
897,1.0,0.0,238.0,0.2650334075723831,policy
898,1.0,0.0,238.0,0.26473859844271413,protomem
899,1.0,0.0,238.0,0.2644444444444444,protomem
900,1.0,0.0,238.0,0.2641509433962264,policy
901,1.0,0.0,238.0,0.2638580931263858,policy
902,1.0,0.0,238.0,0.26356589147286824,protomem
903,1.0,0.0,238.0,0.26327433628318586,protomem
904,1.0,0.0,238.0,0.26298342541436465,policy
905,1.0,0.0,238.0,0.26269315673289184,protomem
906,0.0,1.0,239.0,0.26350606394707826,policy
907,1.0,0.0,239.0,0.263215859030837,protomem
908,1.0,0.0,239.0,0.2629262926292629,policy
909,1.0,0.0,239.0,0.26263736263736265,policy
910,1.0,0.0,239.0,0.2623490669593853,protomem
911,1.0,0.0,239.0,0.26206140350877194,policy
912,1.0,0.0,239.0,0.2617743702081051,protomem
913,1.0,0.0,239.0,0.2614879649890591,policy
914,1.0,0.0,239.0,0.2612021857923497,protomem
915,1.0,0.0,239.0,0.2609170305676856,policy
916,1.0,0.0,239.0,0.2606324972737186,protomem
917,1.0,0.0,239.0,0.26034858387799564,protomem
918,1.0,0.0,239.0,0.2600652883569097,policy
919,1.0,0.0,239.0,0.2597826086956522,policy
920,0.0,1.0,240.0,0.26058631921824105,policy
921,0.0,1.0,241.0,0.2613882863340564,policy
922,0.0,1.0,242.0,0.26218851570964247,policy
923,0.0,1.0,243.0,0.262987012987013,policy
924,0.0,1.0,244.0,0.2637837837837838,policy
925,0.0,1.0,245.0,0.26457883369330454,policy
926,0.0,1.0,246.0,0.26537216828478966,policy
927,0.0,1.0,247.0,0.2661637931034483,policy
928,0.0,1.0,248.0,0.26695371367061355,policy
929,0.0,1.0,249.0,0.267741935483871,policy
930,1.0,0.0,249.0,0.26745435016111707,goalinfer
931,0.0,1.0,250.0,0.26824034334763946,policy
932,0.0,1.0,251.0,0.2690246516613076,policy
933,1.0,0.0,251.0,0.26873661670235544,goalinfer
934,0.0,1.0,252.0,0.2695187165775401,policy
935,0.0,1.0,253.0,0.2702991452991453,policy
936,0.0,1.0,254.0,0.2710779082177161,policy
937,1.0,0.0,254.0,0.27078891257995735,protomem
938,0.0,1.0,255.0,0.2715654952076677,policy
939,0.0,1.0,256.0,0.2723404255319149,policy
940,0.0,1.0,257.0,0.2731137088204038,policy
941,0.0,1.0,258.0,0.27388535031847133,policy
942,0.0,1.0,259.0,0.27465535524920465,policy
943,0.0,1.0,260.0,0.2754237288135593,policy
944,0.0,1.0,261.0,0.2761904761904762,policy
945,0.0,1.0,262.0,0.2769556025369979,policy
946,0.0,1.0,263.0,0.27771911298838436,policy
947,0.0,1.0,264.0,0.27848101265822783,policy
948,0.0,1.0,265.0,0.2792413066385669,policy
949,0.0,1.0,266.0,0.28,policy
950,0.0,1.0,267.0,0.2807570977917981,policy
951,0.0,1.0,268.0,0.2815126050420168,policy
952,0.0,1.0,269.0,0.28226652675760755,policy
953,0.0,1.0,270.0,0.2830188679245283,policy
954,0.0,1.0,271.0,0.2837696335078534,policy
955,0.0,1.0,272.0,0.28451882845188287,policy
956,0.0,1.0,273.0,0.2852664576802508,policy
957,0.0,1.0,274.0,0.2860125260960334,policy
958,0.0,1.0,275.0,0.2867570385818561,policy
959,0.0,1.0,276.0,0.2875,policy
960,1.0,0.0,276.0,0.28720083246618106,policy
961,1.0,0.0,276.0,0.2869022869022869,policy
962,1.0,0.0,276.0,0.2866043613707165,protomem
963,1.0,0.0,276.0,0.2863070539419087,protomem
964,1.0,0.0,276.0,0.2860103626943005,protomem
965,1.0,0.0,276.0,0.2857142857142857,policy
966,1.0,0.0,276.0,0.2854188210961737,protomem
967,1.0,0.0,276.0,0.28512396694214875,policy
968,1.0,0.0,276.0,0.2848297213622291,protomem
969,1.0,0.0,276.0,0.2845360824742268,protomem
970,1.0,0.0,276.0,0.2842430484037075,protomem
971,1.0,0.0,276.0,0.2839506172839506,protomem
972,1.0,0.0,276.0,0.28365878725590954,goalinfer
973,1.0,0.0,276.0,0.28336755646817247,policy
974,1.0,0.0,276.0,0.28307692307692306,protomem
975,1.0,0.0,276.0,0.2827868852459016,protomem
976,1.0,0.0,276.0,0.28249744114636643,protomem
977,1.0,0.0,276.0,0.2822085889570552,goalinfer
978,1.0,0.0,276.0,0.2819203268641471,policy
979,1.0,0.0,276.0,0.2816326530612245,policy
980,1.0,0.0,276.0,0.28134556574923547,policy
981,1.0,0.0,276.0,0.28105906313645623,policy
982,1.0,0.0,276.0,0.2807731434384537,protomem
983,1.0,0.0,276.0,0.2804878048780488,protomem
984,1.0,0.0,276.0,0.2802030456852792,protomem
985,1.0,0.0,276.0,0.2799188640973631,policy
986,1.0,0.0,276.0,0.2796352583586626,protomem
987,1.0,0.0,276.0,0.2793522267206478,policy
988,1.0,0.0,276.0,0.27906976744186046,protomem
989,1.0,0.0,276.0,0.2787878787878788,protomem
990,1.0,0.0,276.0,0.2785065590312815,protomem
991,1.0,0.0,276.0,0.2782258064516129,protomem
992,1.0,0.0,276.0,0.27794561933534745,goalinfer
993,1.0,0.0,276.0,0.2776659959758551,policy
994,1.0,0.0,276.0,0.27738693467336684,protomem
995,1.0,0.0,276.0,0.27710843373493976,protomem
996,1.0,0.0,276.0,0.2768304914744233,protomem
997,1.0,0.0,276.0,0.27655310621242485,goalinfer
998,1.0,0.0,276.0,0.27627627627627627,policy
999,1.0,0.0,276.0,0.276,policy
1000,0.0,1.0,277.0,0.27672327672327673,policy
1001,0.0,1.0,278.0,0.2774451097804391,policy
1002,0.0,1.0,279.0,0.2781655034895314,policy
1003,0.0,1.0,280.0,0.2788844621513944,policy
1004,0.0,1.0,281.0,0.2796019900497512,policy
1005,0.0,1.0,282.0,0.2803180914512923,policy
1006,0.0,1.0,283.0,0.2810327706057597,policy
1007,0.0,1.0,284.0,0.28174603174603174,policy
1008,0.0,1.0,285.0,0.28245787908820613,policy
1009,0.0,1.0,286.0,0.28316831683168314,policy
1010,0.0,1.0,287.0,0.2838773491592483,policy
1011,0.0,1.0,288.0,0.2845849802371542,policy
1012,0.0,1.0,289.0,0.28529121421520237,policy
1013,0.0,1.0,290.0,0.2859960552268245,policy
1014,0.0,1.0,291.0,0.28669950738916256,policy
1015,0.0,1.0,292.0,0.2874015748031496,policy
1016,0.0,1.0,293.0,0.288102261553589,policy
1017,0.0,1.0,294.0,0.2888015717092338,policy
1018,0.0,1.0,295.0,0.28949950932286556,policy
1019,0.0,1.0,296.0,0.2901960784313726,policy
1020,0.0,1.0,297.0,0.2908912830558276,policy
1021,0.0,1.0,298.0,0.29158512720156554,policy
1022,0.0,1.0,299.0,0.29227761485826004,policy
1023,0.0,1.0,300.0,0.29296875,policy
1024,0.0,1.0,301.0,0.29365853658536584,policy
1025,0.0,1.0,302.0,0.29434697855750486,policy
1026,0.0,1.0,303.0,0.29503407984420643,policy
1027,0.0,1.0,304.0,0.29571984435797666,policy
1028,0.0,1.0,305.0,0.29640427599611274,policy
1029,0.0,1.0,306.0,0.2970873786407767,policy
1030,0.0,1.0,307.0,0.29776915615906885,policy
1031,0.0,1.0,308.0,0.29844961240310075,policy
1032,1.0,0.0,308.0,0.29816069699903197,goalinfer
1033,0.0,1.0,309.0,0.2988394584139265,policy
1034,0.0,1.0,310.0,0.2995169082125604,policy
1035,0.0,1.0,311.0,0.3001930501930502,policy
1036,0.0,1.0,312.0,0.3008678881388621,policy
1037,0.0,1.0,313.0,0.3015414258188825,policy
1038,0.0,1.0,314.0,0.30221366698748797,policy
1039,0.0,1.0,315.0,0.30288461538461536,policy
1040,0.0,1.0,316.0,0.3035542747358309,policy
1041,0.0,1.0,317.0,0.30422264875239924,policy
1042,1.0,0.0,317.0,0.30393096836049854,policy
1043,1.0,0.0,317.0,0.303639846743295,policy
1044,1.0,0.0,317.0,0.3033492822966507,protomem
1045,1.0,0.0,317.0,0.3030592734225621,policy
1046,1.0,0.0,317.0,0.3027698185291309,protomem
1047,1.0,0.0,317.0,0.30248091603053434,policy
1048,1.0,0.0,317.0,0.30219256434699715,policy
1049,0.0,1.0,318.0,0.3028571428571429,policy
1050,0.0,1.0,319.0,0.30352045670789723,policy
1051,1.0,0.0,319.0,0.3032319391634981,policy
1052,1.0,0.0,319.0,0.3029439696106363,protomem
1053,1.0,0.0,319.0,0.3026565464895636,paramcomp
1054,1.0,0.0,319.0,0.3023696682464455,protomem
1055,1.0,0.0,319.0,0.3020833333333333,policy
1056,1.0,0.0,319.0,0.30179754020813626,policy
1057,1.0,0.0,319.0,0.30151228733459357,policy
1058,1.0,0.0,319.0,0.3012275731822474,protomem
1059,0.0,1.0,320.0,0.3018867924528302,policy
1060,0.0,1.0,321.0,0.30254476908576816,policy
1061,0.0,1.0,322.0,0.3032015065913371,policy
1062,0.0,1.0,323.0,0.30385700846660396,policy
1063,0.0,1.0,324.0,0.30451127819548873,policy
1064,0.0,1.0,325.0,0.3051643192488263,policy
1065,0.0,1.0,326.0,0.3058161350844278,policy
1066,0.0,1.0,327.0,0.3064667291471415,policy
1067,1.0,0.0,327.0,0.3061797752808989,protomem
1068,0.0,1.0,328.0,0.3068288119738073,policy
1069,0.0,1.0,329.0,0.3074766355140187,policy
1070,0.0,1.0,330.0,0.3081232492997199,policy
1071,0.0,1.0,331.0,0.3087686567164179,policy
1072,0.0,1.0,332.0,0.30941286113699906,policy
1073,0.0,1.0,333.0,0.3100558659217877,policy
1074,0.0,1.0,334.0,0.31069767441860463,policy
1075,0.0,1.0,335.0,0.31133828996282525,policy
1076,0.0,1.0,336.0,0.31197771587743733,policy
1077,0.0,1.0,337.0,0.31261595547309834,policy
1078,0.0,1.0,338.0,0.3132530120481928,policy
1079,0.0,1.0,339.0,0.3138888888888889,policy
1080,1.0,0.0,339.0,0.3135985198889917,protomem
1081,1.0,0.0,339.0,0.3133086876155268,policy
1082,1.0,0.0,339.0,0.31301939058171746,policy
1083,1.0,0.0,339.0,0.31273062730627305,protomem
1084,1.0,0.0,339.0,0.31244239631336407,policy
1085,1.0,0.0,339.0,0.31215469613259667,policy
1086,1.0,0.0,339.0,0.31186752529898804,policy
1087,1.0,0.0,339.0,0.3115808823529412,policy
1088,1.0,0.0,339.0,0.31129476584022037,protomem
1089,1.0,0.0,339.0,0.3110091743119266,policy
1090,1.0,0.0,339.0,0.31072410632447295,protomem
1091,1.0,0.0,339.0,0.31043956043956045,protomem
1092,1.0,0.0,339.0,0.3101555352241537,policy
1093,1.0,0.0,339.0,0.30987202925045704,protomem
1094,1.0,0.0,339.0,0.3095890410958904,protomem
1095,1.0,0.0,339.0,0.3093065693430657,policy
1096,1.0,0.0,339.0,0.309024612579763,policy
1097,1.0,0.0,339.0,0.3087431693989071,protomem
1098,1.0,0.0,339.0,0.30846223839854414,protomem
1099,1.0,0.0,339.0,0.30818181818181817,policy
1100,1.0,0.0,339.0,0.3079019073569482,policy
1101,1.0,0.0,339.0,0.3076225045372051,policy
1102,1.0,0.0,339.0,0.3073436083408885,protomem
1103,1.0,0.0,339.0,0.3070652173913043,protomem
1104,1.0,0.0,339.0,0.3067873303167421,protomem
1105,1.0,0.0,339.0,0.3065099457504521,policy
1106,1.0,0.0,339.0,0.3062330623306233,protomem
1107,1.0,0.0,339.0,0.30595667870036103,policy
1108,1.0,0.0,339.0,0.3056807935076646,protomem
1109,1.0,0.0,339.0,0.3054054054054054,protomem
1110,1.0,0.0,339.0,0.3051305130513051,protomem
1111,1.0,0.0,339.0,0.30485611510791366,protomem
1112,0.0,1.0,340.0,0.3054806828391734,policy
1113,1.0,0.0,340.0,0.3052064631956912,policy
1114,1.0,0.0,340.0,0.30493273542600896,protomem
1115,1.0,0.0,340.0,0.3046594982078853,protomem
1116,1.0,0.0,340.0,0.3043867502238138,protomem
1117,0.0,1.0,341.0,0.30500894454382826,policy
1118,1.0,0.0,341.0,0.30473637176050045,policy
1119,1.0,0.0,341.0,0.3044642857142857,policy
1120,1.0,0.0,341.0,0.30419268510258696,protomem
1121,1.0,0.0,341.0,0.30392156862745096,protomem
1122,1.0,0.0,341.0,0.30365093499554763,protomem
1123,1.0,0.0,341.0,0.30338078291814946,protomem
1124,1.0,0.0,341.0,0.3031111111111111,policy
1125,1.0,0.0,341.0,0.302841918294849,policy
1126,1.0,0.0,341.0,0.3025732031943212,protomem
1127,1.0,0.0,341.0,0.30230496453900707,protomem
1128,1.0,0.0,341.0,0.3020372010628875,policy
1129,1.0,0.0,341.0,0.3017699115044248,protomem
1130,1.0,0.0,341.0,0.3015030946065429,policy
1131,1.0,0.0,341.0,0.30123674911660775,protomem
1132,1.0,0.0,341.0,0.30097087378640774,protomem
1133,1.0,0.0,341.0,0.30070546737213405,protomem
1134,1.0,0.0,341.0,0.3004405286343612,policy
1135,1.0,0.0,341.0,0.3001760563380282,protomem
1136,1.0,0.0,341.0,0.29991204925241866,protomem
1137,1.0,0.0,341.0,0.29964850615114236,policy
1138,1.0,0.0,341.0,0.2993854258121159,protomem
1139,1.0,0.0,341.0,0.29912280701754385,protomem
1140,0.0,1.0,342.0,0.2997370727432077,policy
1141,0.0,1.0,343.0,0.30035026269702275,policy
1142,0.0,1.0,344.0,0.3009623797025372,policy
1143,0.0,1.0,345.0,0.30157342657342656,policy
1144,0.0,1.0,346.0,0.3021834061135371,policy
1145,1.0,0.0,346.0,0.3019197207678883,goalinfer
1146,0.0,1.0,347.0,0.3025283347863993,policy
1147,0.0,1.0,348.0,0.30313588850174217,policy
1148,0.0,1.0,349.0,0.30374238468233244,policy
1149,0.0,1.0,350.0,0.30434782608695654,policy
1150,0.0,1.0,351.0,0.3049522154648132,policy
1151,0.0,1.0,352.0,0.3055555555555556,policy
1152,0.0,1.0,353.0,0.3061578490893322,policy
1153,0.0,1.0,354.0,0.30675909878682844,policy
1154,0.0,1.0,355.0,0.30735930735930733,policy
1155,0.0,1.0,356.0,0.3079584775086505,policy
1156,0.0,1.0,357.0,0.30855661192739847,policy
1157,0.0,1.0,358.0,0.30915371329879104,policy
1158,0.0,1.0,359.0,0.3097497842968076,policy
1159,0.0,1.0,360.0,0.3103448275862069,policy
1160,1.0,0.0,360.0,0.31007751937984496,policy
1161,1.0,0.0,360.0,0.3098106712564544,policy
1162,1.0,0.0,360.0,0.30954428202923473,protomem
1163,1.0,0.0,360.0,0.30927835051546393,protomem
1164,1.0,0.0,360.0,0.3090128755364807,protomem
1165,1.0,0.0,360.0,0.30874785591766724,policy
1166,1.0,0.0,360.0,0.30848329048843187,protomem
1167,1.0,0.0,360.0,0.3082191780821918,policy
1168,1.0,0.0,360.0,0.30795551753635586,protomem
1169,1.0,0.0,360.0,0.3076923076923077,protomem
1170,1.0,0.0,360.0,0.3074295473953886,protomem
1171,1.0,0.0,360.0,0.30716723549488056,protomem
1172,1.0,0.0,360.0,0.3069053708439898,goalinfer
1173,1.0,0.0,360.0,0.30664395229982966,policy
1174,1.0,0.0,360.0,0.30638297872340425,protomem
1175,1.0,0.0,360.0,0.30612244897959184,protomem
1176,1.0,0.0,360.0,0.3058623619371283,protomem
1177,1.0,0.0,360.0,0.30560271646859083,goalinfer
1178,1.0,0.0,360.0,0.3053435114503817,policy
1179,1.0,0.0,360.0,0.3050847457627119,policy
1180,0.0,1.0,361.0,0.3056731583403895,policy
1181,0.0,1.0,362.0,0.3062605752961083,policy
1182,0.0,1.0,363.0,0.30684699915469144,policy
1183,0.0,1.0,364.0,0.30743243243243246,policy
1184,0.0,1.0,365.0,0.3080168776371308,policy
1185,0.0,1.0,366.0,0.3086003372681282,policy
1186,0.0,1.0,367.0,0.3091828138163437,policy
1187,0.0,1.0,368.0,0.30976430976430974,policy
1188,0.0,1.0,369.0,0.3103448275862069,policy
1189,1.0,0.0,369.0,0.3100840336134454,policy
1190,0.0,1.0,370.0,0.31066330814441645,policy
1191,0.0,1.0,371.0,0.311241610738255,policy
1192,0.0,1.0,372.0,0.31181894383906117,policy
1193,0.0,1.0,373.0,0.31239530988274705,policy
1194,0.0,1.0,374.0,0.3129707112970711,policy
1195,1.0,0.0,374.0,0.31270903010033446,goalinfer
1196,0.0,1.0,375.0,0.3132832080200501,policy
1197,0.0,1.0,376.0,0.31385642737896496,policy
1198,0.0,1.0,377.0,0.31442869057547956,policy
1199,0.0,1.0,378.0,0.315,policy
1200,1.0,0.0,378.0,0.3147377185678601,goalinfer
1201,1.0,0.0,378.0,0.3144758735440932,policy
1202,1.0,0.0,378.0,0.314214463840399,protomem
1203,1.0,0.0,378.0,0.313953488372093,protomem
1204,1.0,0.0,378.0,0.3136929460580913,policy
1205,1.0,0.0,378.0,0.31343283582089554,goalinfer
1206,1.0,0.0,378.0,0.3131731565865783,policy
1207,1.0,0.0,378.0,0.3129139072847682,protomem
1208,1.0,0.0,378.0,0.31265508684863524,protomem
1209,1.0,0.0,378.0,0.31239669421487604,policy
1210,1.0,0.0,378.0,0.31213872832369943,protomem
1211,1.0,0.0,378.0,0.3118811881188119,protomem
1212,1.0,0.0,378.0,0.31162407254740315,policy
1213,1.0,0.0,378.0,0.3113673805601318,goalinfer
1214,1.0,0.0,378.0,0.3111111111111111,protomem
1215,1.0,0.0,378.0,0.31085526315789475,policy
1216,1.0,0.0,378.0,0.3105998356614626,protomem
1217,1.0,0.0,378.0,0.3103448275862069,policy
1218,1.0,0.0,378.0,0.31009023789991796,goalinfer
1219,1.0,0.0,378.0,0.30983606557377047,policy
1220,1.0,0.0,378.0,0.3095823095823096,policy
1221,1.0,0.0,378.0,0.309328968903437,protomem
1222,1.0,0.0,378.0,0.3090760425183974,policy
1223,1.0,0.0,378.0,0.3088235294117647,protomem
1224,1.0,0.0,378.0,0.30857142857142855,policy
1225,1.0,0.0,378.0,0.3083197389885807,policy
1226,1.0,0.0,378.0,0.3080684596577017,protomem
1227,1.0,0.0,378.0,0.30781758957654726,policy
1228,1.0,0.0,378.0,0.3075671277461351,goalinfer
1229,1.0,0.0,378.0,0.3073170731707317,protomem
1230,1.0,0.0,378.0,0.30706742485783917,protomem
1231,1.0,0.0,378.0,0.3068181818181818,protomem
1232,1.0,0.0,378.0,0.30656934306569344,protomem
1233,1.0,0.0,378.0,0.3063209076175041,paramcomp
1234,1.0,0.0,378.0,0.3060728744939271,policy
1235,1.0,0.0,378.0,0.3058252427184466,policy
1236,1.0,0.0,378.0,0.3055780113177041,policy
1237,1.0,0.0,378.0,0.3053311793214863,protomem
1238,1.0,0.0,378.0,0.3050847457627119,protomem
1239,1.0,0.0,378.0,0.30483870967741933,protomem
1240,1.0,0.0,378.0,0.3045930701047542,protomem
1241,1.0,0.0,378.0,0.30434782608695654,protomem
1242,1.0,0.0,378.0,0.3041029766693483,protomem
1243,1.0,0.0,378.0,0.30385852090032156,policy
1244,1.0,0.0,378.0,0.3036144578313253,protomem
1245,1.0,0.0,378.0,0.30337078651685395,policy
1246,1.0,0.0,378.0,0.30312750601443467,policy
1247,1.0,0.0,378.0,0.30288461538461536,protomem
1248,1.0,0.0,378.0,0.3026421136909528,protomem
1249,1.0,0.0,378.0,0.3024,policy
1250,1.0,0.0,378.0,0.302158273381295,protomem
1251,1.0,0.0,378.0,0.3019169329073482,protomem
1252,1.0,0.0,378.0,0.3016759776536313,policy
1253,1.0,0.0,378.0,0.3014354066985646,protomem
1254,1.0,0.0,378.0,0.301195219123506,protomem
1255,1.0,0.0,378.0,0.30095541401273884,policy
1256,1.0,0.0,378.0,0.30071599045346065,protomem
1257,1.0,0.0,378.0,0.3004769475357711,goalinfer
1258,1.0,0.0,378.0,0.30023828435266087,protomem
1259,1.0,0.0,378.0,0.3,protomem
1260,1.0,0.0,378.0,0.29976209357652656,policy
1261,1.0,0.0,378.0,0.29952456418383516,protomem
1262,1.0,0.0,378.0,0.2992874109263658,policy
1263,1.0,0.0,378.0,0.2990506329113924,protomem
1264,1.0,0.0,378.0,0.29881422924901185,policy
1265,1.0,0.0,378.0,0.2985781990521327,policy
1266,1.0,0.0,378.0,0.2983425414364641,protomem
1267,1.0,0.0,378.0,0.2981072555205047,policy
1268,1.0,0.0,378.0,0.2978723404255319,goalinfer
1269,1.0,0.0,378.0,0.29763779527559053,protomem
1270,1.0,0.0,378.0,0.2974036191974823,protomem
1271,1.0,0.0,378.0,0.2971698113207547,protomem
1272,1.0,0.0,378.0,0.2969363707776905,protomem
1273,1.0,0.0,378.0,0.2967032967032967,paramcomp
1274,1.0,0.0,378.0,0.2964705882352941,policy
1275,1.0,0.0,378.0,0.2962382445141066,policy
1276,1.0,0.0,378.0,0.2960062646828504,policy
1277,1.0,0.0,378.0,0.29577464788732394,protomem
1278,1.0,0.0,378.0,0.2955433932759969,protomem
1279,1.0,0.0,378.0,0.2953125,protomem
1280,1.0,0.0,378.0,0.29508196721311475,goalinfer
1281,1.0,0.0,378.0,0.2948517940717629,goalinfer
1282,1.0,0.0,378.0,0.2946219797349961,policy
1283,1.0,0.0,378.0,0.29439252336448596,policy
1284,1.0,0.0,378.0,0.29416342412451363,protomem
1285,1.0,0.0,378.0,0.2939346811819596,policy
1286,1.0,0.0,378.0,0.2937062937062937,protomem
1287,1.0,0.0,378.0,0.29347826086956524,policy
1288,1.0,0.0,378.0,0.2932505818463926,policy
1289,1.0,0.0,378.0,0.2930232558139535,protomem
1290,1.0,0.0,378.0,0.2927962819519752,goalinfer
1291,1.0,0.0,378.0,0.29256965944272445,policy
1292,1.0,0.0,378.0,0.2923433874709977,protomem
1293,1.0,0.0,378.0,0.2921174652241113,protomem
1294,1.0,0.0,378.0,0.2918918918918919,protomem
1295,1.0,0.0,378.0,0.2916666666666667,policy
1296,1.0,0.0,378.0,0.29144178874325366,policy
1297,1.0,0.0,378.0,0.29121725731895226,policy
1298,1.0,0.0,378.0,0.2909930715935335,protomem
1299,1.0,0.0,378.0,0.2907692307692308,goalinfer
1300,1.0,0.0,378.0,0.2905457340507302,goalinfer
1301,1.0,0.0,378.0,0.2903225806451613,policy
1302,1.0,0.0,378.0,0.2900997697620875,paramcomp
1303,1.0,0.0,378.0,0.2898773006134969,protomem
1304,1.0,0.0,378.0,0.2896551724137931,policy
1305,1.0,0.0,378.0,0.2894333843797856,goalinfer
1306,1.0,0.0,378.0,0.28921193573068094,policy
1307,1.0,0.0,378.0,0.2889908256880734,protomem
1308,1.0,0.0,378.0,0.2887700534759358,protomem
1309,1.0,0.0,378.0,0.2885496183206107,policy
1310,1.0,0.0,378.0,0.28832951945080093,protomem
1311,1.0,0.0,378.0,0.28810975609756095,protomem
1312,1.0,0.0,378.0,0.2878903274942879,policy
1313,1.0,0.0,378.0,0.2876712328767123,goalinfer
1314,1.0,0.0,378.0,0.2874524714828897,protomem
1315,1.0,0.0,378.0,0.2872340425531915,policy
1316,1.0,0.0,378.0,0.2870159453302961,protomem
1317,1.0,0.0,378.0,0.2867981790591806,policy
1318,1.0,0.0,378.0,0.28658074298711145,goalinfer
1319,1.0,0.0,378.0,0.2863636363636364,policy
1320,1.0,0.0,378.0,0.2861468584405753,protomem
1321,1.0,0.0,378.0,0.2859304084720121,policy
1322,1.0,0.0,378.0,0.2857142857142857,protomem
1323,1.0,0.0,378.0,0.2854984894259819,policy
1324,1.0,0.0,378.0,0.2852830188679245,policy
1325,1.0,0.0,378.0,0.2850678733031674,protomem
1326,1.0,0.0,378.0,0.2848530519969857,protomem
1327,1.0,0.0,378.0,0.28463855421686746,goalinfer
1328,1.0,0.0,378.0,0.28442437923250563,policy
1329,1.0,0.0,378.0,0.28421052631578947,protomem
1330,1.0,0.0,378.0,0.28399699474079637,policy
1331,1.0,0.0,378.0,0.28378378378378377,protomem
1332,1.0,0.0,378.0,0.2835708927231808,protomem
1333,1.0,0.0,378.0,0.28335832083958024,protomem
1334,1.0,0.0,378.0,0.28314606741573034,protomem
1335,1.0,0.0,378.0,0.28293413173652693,goalinfer
1336,1.0,0.0,378.0,0.28272251308900526,policy
1337,1.0,0.0,378.0,0.2825112107623318,protomem
1338,1.0,0.0,378.0,0.28230022404779687,goalinfer
1339,1.0,0.0,378.0,0.282089552238806,protomem
1340,1.0,0.0,378.0,0.28187919463087246,protomem
1341,1.0,0.0,378.0,0.2816691505216095,policy
1342,1.0,0.0,378.0,0.28145941921072226,protomem
1343,1.0,0.0,378.0,0.28125,protomem
1344,1.0,0.0,378.0,0.2810408921933085,policy
1345,1.0,0.0,378.0,0.28083209509658247,protomem
1346,1.0,0.0,378.0,0.2806236080178174,policy
1347,1.0,0.0,378.0,0.28041543026706234,protomem
1348,1.0,0.0,378.0,0.28020756115641215,protomem
1349,1.0,0.0,378.0,0.28,policy
1350,1.0,0.0,378.0,0.27979274611398963,policy
1351,1.0,0.0,378.0,0.27958579881656803,protomem
1352,1.0,0.0,378.0,0.2793791574279379,protomem
1353,1.0,0.0,378.0,0.2791728212703102,protomem
1354,1.0,0.0,378.0,0.2789667896678967,protomem
1355,1.0,0.0,378.0,0.27876106194690264,policy
1356,1.0,0.0,378.0,0.27855563743551953,policy
1357,1.0,0.0,378.0,0.27835051546391754,policy
1358,1.0,0.0,378.0,0.2781456953642384,policy
1359,1.0,0.0,378.0,0.27794117647058825,protomem
1360,1.0,0.0,378.0,0.2777369581190301,protomem
1361,1.0,0.0,378.0,0.2775330396475771,policy
1362,1.0,0.0,378.0,0.2773294203961849,protomem
1363,1.0,0.0,378.0,0.27712609970674484,policy
1364,1.0,0.0,378.0,0.27692307692307694,policy
1365,1.0,0.0,378.0,0.2767203513909224,protomem
1366,1.0,0.0,378.0,0.2765179224579371,protomem
1367,1.0,0.0,378.0,0.27631578947368424,goalinfer
1368,1.0,0.0,378.0,0.27611395178962744,policy
1369,1.0,0.0,378.0,0.2759124087591241,protomem
1370,1.0,0.0,378.0,0.27571115973741794,policy
1371,1.0,0.0,378.0,0.2755102040816326,protomem
1372,1.0,0.0,378.0,0.2753095411507647,protomem
1373,1.0,0.0,378.0,0.27510917030567683,protomem
1374,1.0,0.0,378.0,0.27490909090909094,protomem
1375,1.0,0.0,378.0,0.2747093023255814,goalinfer
1376,1.0,0.0,378.0,0.27450980392156865,policy
1377,1.0,0.0,378.0,0.274310595065312,protomem
1378,1.0,0.0,378.0,0.27411167512690354,goalinfer
1379,1.0,0.0,378.0,0.27391304347826084,protomem
1380,1.0,0.0,378.0,0.27371469949312094,protomem
1381,1.0,0.0,378.0,0.2735166425470333,goalinfer
1382,1.0,0.0,378.0,0.27331887201735355,policy
1383,1.0,0.0,378.0,0.273121387283237,protomem
1384,1.0,0.0,378.0,0.27292418772563176,protomem
1385,1.0,0.0,378.0,0.2727272727272727,protomem
1386,1.0,0.0,378.0,0.2725306416726748,policy
1387,1.0,0.0,378.0,0.2723342939481268,policy
1388,1.0,0.0,378.0,0.27213822894168466,policy
1389,1.0,0.0,378.0,0.2719424460431655,policy
1390,1.0,0.0,378.0,0.2717469446441409,protomem
1391,1.0,0.0,378.0,0.27155172413793105,policy
1392,1.0,0.0,378.0,0.271356783919598,protomem
1393,1.0,0.0,378.0,0.27116212338593976,policy
1394,1.0,0.0,378.0,0.2709677419354839,protomem
1395,1.0,0.0,378.0,0.2707736389684814,policy
1396,1.0,0.0,378.0,0.2705798138869005,paramcomp
1397,1.0,0.0,378.0,0.2703862660944206,policy
1398,1.0,0.0,378.0,0.270192994996426,policy
1399,1.0,0.0,378.0,0.27,policy
1400,1.0,0.0,378.0,0.2698072805139186,protomem
1401,1.0,0.0,378.0,0.26961483594864477,policy
1402,1.0,0.0,378.0,0.2694226657163222,protomem
1403,1.0,0.0,378.0,0.2692307692307692,protomem
1404,1.0,0.0,378.0,0.2690391459074733,policy
1405,1.0,0.0,378.0,0.26884779516358465,policy
1406,1.0,0.0,378.0,0.26865671641791045,policy
1407,1.0,0.0,378.0,0.2684659090909091,protomem
1408,1.0,0.0,378.0,0.26827537260468415,policy
1409,1.0,0.0,378.0,0.2680851063829787,policy
1410,1.0,0.0,378.0,0.2678951098511694,protomem
1411,1.0,0.0,378.0,0.26770538243626063,policy
1412,1.0,0.0,378.0,0.267515923566879,protomem
1413,1.0,0.0,378.0,0.26732673267326734,goalinfer
1414,1.0,0.0,378.0,0.26713780918727914,policy
1415,1.0,0.0,378.0,0.2669491525423729,protomem
1416,1.0,0.0,378.0,0.2667607621736062,protomem
1417,1.0,0.0,378.0,0.26657263751763044,protomem
1418,1.0,0.0,378.0,0.266384778012685,protomem
1419,1.0,0.0,378.0,0.2661971830985915,policy
1420,0.0,1.0,379.0,0.26671358198451794,policy
1421,1.0,0.0,379.0,0.26652601969057665,protomem
1422,1.0,0.0,379.0,0.2663387210119466,protomem
1423,0.0,1.0,380.0,0.26685393258426965,policy
1424,0.0,1.0,381.0,0.2673684210526316,policy
1425,0.0,1.0,382.0,0.26788218793828894,policy
1426,0.0,1.0,383.0,0.26839523475823407,policy
1427,0.0,1.0,384.0,0.2689075630252101,policy
1428,0.0,1.0,385.0,0.26941917424772566,policy
1429,0.0,1.0,386.0,0.2699300699300699,policy
1430,0.0,1.0,387.0,0.27044025157232704,policy
1431,1.0,0.0,387.0,0.2702513966480447,policy
1432,0.0,1.0,388.0,0.27076064200976974,policy
1433,0.0,1.0,389.0,0.2712691771269177,policy
1434,0.0,1.0,390.0,0.27177700348432055,policy
1435,0.0,1.0,391.0,0.2722841225626741,policy
1436,0.0,1.0,392.0,0.27279053583855256,policy
1437,0.0,1.0,393.0,0.2732962447844228,policy
1438,0.0,1.0,394.0,0.2738012508686588,policy
1439,0.0,1.0,395.0,0.2743055555555556,policy
1440,1.0,0.0,395.0,0.2741151977793199,policy
1441,1.0,0.0,395.0,0.2739251040221914,protomem
1442,1.0,0.0,395.0,0.27373527373527373,policy
1443,1.0,0.0,395.0,0.27354570637119113,protomem
1444,1.0,0.0,395.0,0.27335640138408307,policy
1445,1.0,0.0,395.0,0.27316735822959887,protomem
1446,1.0,0.0,395.0,0.27297857636489287,policy
1447,1.0,0.0,395.0,0.27279005524861877,protomem
1448,1.0,0.0,395.0,0.2726017943409248,protomem
1449,1.0,0.0,395.0,0.27241379310344827,policy
1450,1.0,0.0,395.0,0.2722260509993108,policy
1451,1.0,0.0,395.0,0.27203856749311295,policy
1452,1.0,0.0,395.0,0.2718513420509291,protomem
1453,1.0,0.0,395.0,0.2716643741403026,protomem
1454,1.0,0.0,395.0,0.27147766323024053,protomem
1455,1.0,0.0,395.0,0.27129120879120877,protomem
1456,1.0,0.0,395.0,0.27110501029512696,protomem
1457,1.0,0.0,395.0,0.2709190672153635,goalinfer
1458,1.0,0.0,395.0,0.2707333790267306,policy
1459,1.0,0.0,395.0,0.2705479452054795,protomem
1460,1.0,0.0,395.0,0.270362765229295,goalinfer
1461,1.0,0.0,395.0,0.2701778385772914,protomem
1462,1.0,0.0,395.0,0.26999316473000684,policy
1463,1.0,0.0,395.0,0.2698087431693989,protomem
1464,1.0,0.0,395.0,0.2696245733788396,protomem
1465,1.0,0.0,395.0,0.2694406548431105,protomem
1466,1.0,0.0,395.0,0.26925698704839807,policy
1467,1.0,0.0,395.0,0.26907356948228883,protomem
1468,1.0,0.0,395.0,0.2688904016337645,protomem
1469,1.0,0.0,395.0,0.2687074829931973,policy
1470,1.0,0.0,395.0,0.2685248130523453,protomem
1471,1.0,0.0,395.0,0.26834239130434784,protomem
1472,1.0,0.0,395.0,0.2681602172437203,policy
1473,1.0,0.0,395.0,0.26797829036635007,policy
1474,1.0,0.0,395.0,0.2677966101694915,protomem
1475,1.0,0.0,395.0,0.2676151761517615,policy
1476,1.0,0.0,395.0,0.2674339878131347,protomem
1477,1.0,0.0,395.0,0.2672530446549391,protomem
1478,1.0,0.0,395.0,0.26707234617985126,goalinfer
1479,1.0,0.0,395.0,0.2668918918918919,protomem
1480,1.0,0.0,395.0,0.2667116812964213,protomem
1481,1.0,0.0,395.0,0.26653171390013497,protomem
1482,1.0,0.0,395.0,0.2663519892110587,policy
1483,1.0,0.0,395.0,0.2661725067385445,policy
1484,1.0,0.0,395.0,0.265993265993266,protomem
1485,1.0,0.0,395.0,0.265814266487214,policy
1486,1.0,0.0,395.0,0.265635507733692,policy
1487,1.0,0.0,395.0,0.2654569892473118,protomem
1488,1.0,0.0,395.0,0.26527871054398927,goalinfer
1489,1.0,0.0,395.0,0.2651006711409396,protomem
1490,1.0,0.0,395.0,0.26492287055667335,protomem
1491,1.0,0.0,395.0,0.26474530831099197,protomem
1492,1.0,0.0,395.0,0.26456798392498326,protomem
1493,1.0,0.0,395.0,0.2643908969210174,protomem
1494,1.0,0.0,395.0,0.26421404682274247,policy
1495,1.0,0.0,395.0,0.2640374331550802,protomem
1496,1.0,0.0,395.0,0.2638610554442218,protomem
1497,1.0,0.0,395.0,0.2636849132176235,protomem
1498,1.0,0.0,395.0,0.2635090060040027,policy
1499,1.0,0.0,395.0,0.2633333333333333,protomem
1500,1.0,0.0,395.0,0.2631578947368421,protomem
1501,1.0,0.0,395.0,0.262982689747004,protomem
1502,1.0,0.0,395.0,0.26280771789753826,policy
1503,1.0,0.0,395.0,0.26263297872340424,protomem
1504,1.0,0.0,395.0,0.26245847176079734,protomem
1505,1.0,0.0,395.0,0.26228419654714474,policy
1506,1.0,0.0,395.0,0.26211015262110154,policy
1507,1.0,0.0,395.0,0.2619363395225464,goalinfer
1508,1.0,0.0,395.0,0.2617627567925779,protomem
1509,1.0,0.0,395.0,0.26158940397350994,policy
1510,1.0,0.0,395.0,0.2614162806088683,policy
1511,1.0,0.0,395.0,0.2612433862433862,policy
1512,1.0,0.0,395.0,0.26107072042300067,policy
1513,1.0,0.0,395.0,0.2608982826948481,goalinfer
1514,1.0,0.0,395.0,0.2607260726072607,protomem
1515,1.0,0.0,395.0,0.2605540897097625,policy
1516,1.0,0.0,395.0,0.2603823335530653,goalinfer
1517,1.0,0.0,395.0,0.2602108036890646,policy
1518,1.0,0.0,395.0,0.26003949967083606,protomem
1519,1.0,0.0,395.0,0.2598684210526316,protomem
1520,1.0,0.0,395.0,0.2596975673898751,protomem
1521,1.0,0.0,395.0,0.259526938239159,policy
1522,1.0,0.0,395.0,0.2593565331582403,policy
1523,1.0,0.0,395.0,0.25918635170603677,protomem
1524,1.0,0.0,395.0,0.25901639344262295,protomem
1525,1.0,0.0,395.0,0.25884665792922673,policy
1526,1.0,0.0,395.0,0.2586771447282253,protomem
1527,1.0,0.0,395.0,0.25850785340314136,protomem
1528,1.0,0.0,395.0,0.25833878351863965,protomem
1529,1.0,0.0,395.0,0.2581699346405229,protomem
1530,1.0,0.0,395.0,0.25800130633572826,policy
1531,1.0,0.0,395.0,0.25783289817232374,policy
1532,1.0,0.0,395.0,0.2576647097195042,policy
1533,1.0,0.0,395.0,0.25749674054758803,protomem
1534,1.0,0.0,395.0,0.25732899022801303,protomem
1535,1.0,0.0,395.0,0.2571614583333333,protomem
1536,1.0,0.0,395.0,0.25699414443721535,goalinfer
1537,1.0,0.0,395.0,0.25682704811443435,protomem
1538,1.0,0.0,395.0,0.2566601689408707,protomem
1539,1.0,0.0,395.0,0.2564935064935065,protomem
1540,0.0,1.0,396.0,0.25697598961713175,policy
1541,0.0,1.0,397.0,0.25745784695201035,policy
1542,0.0,1.0,398.0,0.2579390797148412,policy
1543,0.0,1.0,399.0,0.25841968911917096,policy
1544,0.0,1.0,400.0,0.2588996763754045,policy
1545,0.0,1.0,401.0,0.259379042690815,policy
1546,0.0,1.0,402.0,0.259857789269554,policy
1547,0.0,1.0,403.0,0.2603359173126615,policy
1548,0.0,1.0,404.0,0.26081342801807617,policy
1549,0.0,1.0,405.0,0.26129032258064516,policy
1550,0.0,1.0,406.0,0.2617666021921341,policy
1551,0.0,1.0,407.0,0.2622422680412371,policy
1552,0.0,1.0,408.0,0.2627173213135866,policy
1553,0.0,1.0,409.0,0.2631917631917632,policy
1554,1.0,0.0,409.0,0.26302250803858523,goalinfer
1555,0.0,1.0,410.0,0.2634961439588689,policy
1556,0.0,1.0,411.0,0.26396917148362237,policy
1557,0.0,1.0,412.0,0.2644415917843389,policy
1558,0.0,1.0,413.0,0.2649134060295061,policy
1559,0.0,1.0,414.0,0.2653846153846154,policy
1560,0.0,1.0,415.0,0.2658552210121717,policy
1561,0.0,1.0,416.0,0.26632522407170295,policy
1562,0.0,1.0,417.0,0.2667946257197697,policy
1563,0.0,1.0,418.0,0.2672634271099744,policy
1564,0.0,1.0,419.0,0.26773162939297124,policy
1565,0.0,1.0,420.0,0.2681992337164751,policy
1566,0.0,1.0,421.0,0.2686662412252712,policy
1567,0.0,1.0,422.0,0.26913265306122447,policy
1568,0.0,1.0,423.0,0.2695984703632887,policy
1569,0.0,1.0,424.0,0.2700636942675159,policy
1570,1.0,0.0,424.0,0.2698917886696372,goalinfer
1571,0.0,1.0,425.0,0.2703562340966921,policy
1572,0.0,1.0,426.0,0.2708200890019072,policy
1573,0.0,1.0,427.0,0.2712833545108005,policy
1574,0.0,1.0,428.0,0.27174603174603174,policy
1575,0.0,1.0,429.0,0.27220812182741116,policy
1576,0.0,1.0,430.0,0.2726696258719087,policy
1577,0.0,1.0,431.0,0.27313054499366285,policy
1578,0.0,1.0,432.0,0.27359088030398987,policy
1579,0.0,1.0,433.0,0.2740506329113924,policy
1580,1.0,0.0,433.0,0.2738772928526249,protomem
1581,1.0,0.0,433.0,0.27370417193426044,policy
1582,1.0,0.0,433.0,0.2735312697409981,policy
1583,1.0,0.0,433.0,0.27335858585858586,protomem
1584,1.0,0.0,433.0,0.273186119873817,protomem
1585,1.0,0.0,433.0,0.2730138713745271,policy
1586,1.0,0.0,433.0,0.27284183994959044,protomem
1587,1.0,0.0,433.0,0.27267002518891686,protomem
1588,1.0,0.0,433.0,0.2724984266834487,protomem
1589,1.0,0.0,433.0,0.2723270440251572,protomem
1590,1.0,0.0,433.0,0.2721558768070396,policy
1591,1.0,0.0,433.0,0.2719849246231156,policy
1592,1.0,0.0,433.0,0.27181418706842436,policy
1593,1.0,0.0,433.0,0.2716436637390213,paramcomp
1594,1.0,0.0,433.0,0.27147335423197494,paramcomp
1595,1.0,0.0,433.0,0.27130325814536344,protomem
1596,1.0,0.0,433.0,0.27113337507827173,goalinfer
1597,1.0,0.0,433.0,0.2709637046307885,protomem
1598,1.0,0.0,433.0,0.2707942464040025,protomem
1599,1.0,0.0,433.0,0.270625,protomem
1600,1.0,0.0,433.0,0.2704559650218613,protomem
1601,1.0,0.0,433.0,0.2702871410736579,protomem
1602,1.0,0.0,433.0,0.27011852776044915,protomem
1603,1.0,0.0,433.0,0.2699501246882793,protomem
1604,1.0,0.0,433.0,0.26978193146417445,protomem
1605,1.0,0.0,433.0,0.2696139476961395,protomem
1606,1.0,0.0,433.0,0.26944617299315493,protomem
1607,1.0,0.0,433.0,0.26927860696517414,policy
1608,1.0,0.0,433.0,0.26911124922311996,protomem
1609,1.0,0.0,433.0,0.268944099378882,protomem
1610,1.0,0.0,433.0,0.26877715704531346,protomem
1611,1.0,0.0,433.0,0.2686104218362283,protomem
1612,1.0,0.0,433.0,0.268443893366398,policy
1613,1.0,0.0,433.0,0.26827757125154894,policy
1614,1.0,0.0,433.0,0.26811145510835915,protomem
1615,1.0,0.0,433.0,0.26794554455445546,protomem
1616,1.0,0.0,433.0,0.26777983920841064,protomem
1617,1.0,0.0,433.0,0.26761433868974044,protomem
1618,1.0,0.0,433.0,0.26744904261890057,protomem
1619,1.0,0.0,433.0,0.26728395061728394,policy
1620,1.0,0.0,433.0,0.26711906230721777,protomem
1621,1.0,0.0,433.0,0.26695437731196053,goalinfer
1622,1.0,0.0,433.0,0.26678989525569935,policy
1623,1.0,0.0,433.0,0.2666256157635468,protomem
1624,1.0,0.0,433.0,0.26646153846153847,protomem
1625,1.0,0.0,433.0,0.26629766297662977,protomem
1626,1.0,0.0,433.0,0.2661339889366933,policy
1627,1.0,0.0,433.0,0.26597051597051596,policy
1628,1.0,0.0,433.0,0.2658072437077962,policy
1629,1.0,0.0,433.0,0.2656441717791411,policy
1630,1.0,0.0,433.0,0.2654812998160638,protomem
1631,1.0,0.0,433.0,0.2653186274509804,policy
1632,1.0,0.0,433.0,0.26515615431720757,protomem
1633,1.0,0.0,433.0,0.26499388004895963,policy
1634,1.0,0.0,433.0,0.26483180428134556,protomem
1635,1.0,0.0,433.0,0.26466992665036676,policy
1636,1.0,0.0,433.0,0.26450824679291385,paramcomp
1637,1.0,0.0,433.0,0.26434676434676435,policy
1638,1.0,0.0,433.0,0.26418547895057964,policy
1639,1.0,0.0,433.0,0.26402439024390245,policy
1640,0.0,1.0,434.0,0.2644728823887873,policy
1641,0.0,1.0,435.0,0.26492082825822166,policy
1642,0.0,1.0,436.0,0.26536822884966527,policy
1643,0.0,1.0,437.0,0.26581508515815083,policy
1644,0.0,1.0,438.0,0.2662613981762918,policy
1645,0.0,1.0,439.0,0.2667071688942892,policy
1646,0.0,1.0,440.0,0.2671523982999393,policy
1647,0.0,1.0,441.0,0.2675970873786408,policy
1648,0.0,1.0,442.0,0.26804123711340205,policy
1649,0.0,1.0,443.0,0.2684848484848485,policy
1650,0.0,1.0,444.0,0.26892792247122954,policy
1651,0.0,1.0,445.0,0.26937046004842613,policy
1652,0.0,1.0,446.0,0.26981246218995764,policy
1653,0.0,1.0,447.0,0.2702539298669891,policy
1654,0.0,1.0,448.0,0.27069486404833837,policy
1655,0.0,1.0,449.0,0.2711352657004831,policy
1656,0.0,1.0,450.0,0.27157513578756787,policy
1657,0.0,1.0,451.0,0.2720144752714113,policy
1658,0.0,1.0,452.0,0.27245328511151296,policy
1659,0.0,1.0,453.0,0.2728915662650602,policy
1660,1.0,0.0,453.0,0.2727272727272727,policy
1661,1.0,0.0,453.0,0.27256317689530685,policy
1662,1.0,0.0,453.0,0.2723992784125075,protomem
1663,1.0,0.0,453.0,0.2722355769230769,protomem
1664,1.0,0.0,453.0,0.27207207207207207,policy
1665,1.0,0.0,453.0,0.27190876350540216,protomem
1666,1.0,0.0,453.0,0.27174565086982605,goalinfer
1667,1.0,0.0,453.0,0.2715827338129496,protomem
1668,1.0,0.0,453.0,0.27142001198322346,policy
1669,1.0,0.0,453.0,0.2712574850299401,policy
1670,1.0,0.0,453.0,0.2710951526032316,protomem
1671,1.0,0.0,453.0,0.27093301435406697,policy
1672,1.0,0.0,453.0,0.2707710699342499,protomem
1673,1.0,0.0,453.0,0.27060931899641577,policy
1674,1.0,0.0,453.0,0.27044776119402986,protomem
1675,1.0,0.0,453.0,0.2702863961813842,policy
1676,1.0,0.0,453.0,0.2701252236135957,protomem
1677,1.0,0.0,453.0,0.2699642431466031,protomem
1678,1.0,0.0,453.0,0.26980345443716497,policy
1679,1.0,0.0,453.0,0.26964285714285713,policy
1680,0.0,1.0,454.0,0.27007733491969066,policy
1681,0.0,1.0,455.0,0.27051129607609986,policy
1682,1.0,0.0,455.0,0.27035056446821154,policy
1683,0.0,1.0,456.0,0.27078384798099764,policy
1684,0.0,1.0,457.0,0.2712166172106825,policy
1685,0.0,1.0,458.0,0.27164887307236063,policy
1686,0.0,1.0,459.0,0.2720806164789567,policy
1687,0.0,1.0,460.0,0.2725118483412322,policy
1688,0.0,1.0,461.0,0.2729425695677916,policy
1689,0.0,1.0,462.0,0.2733727810650888,policy
1690,0.0,1.0,463.0,0.2738024837374335,policy
1691,0.0,1.0,464.0,0.27423167848699764,policy
1692,0.0,1.0,465.0,0.2746603662138216,policy
1693,0.0,1.0,466.0,0.27508854781582054,policy
1694,0.0,1.0,467.0,0.27551622418879057,policy
1695,0.0,1.0,468.0,0.2759433962264151,policy
1696,0.0,1.0,469.0,0.27637006482027104,policy
1697,0.0,1.0,470.0,0.2767962308598351,policy
1698,0.0,1.0,471.0,0.2772218952324897,policy
1699,0.0,1.0,472.0,0.2776470588235294,policy
1700,1.0,0.0,472.0,0.2774838330393886,protomem
1701,1.0,0.0,472.0,0.2773207990599295,goalinfer
1702,1.0,0.0,472.0,0.27715795654726955,protomem
1703,1.0,0.0,472.0,0.27699530516431925,protomem
1704,1.0,0.0,472.0,0.2768328445747801,protomem
1705,1.0,0.0,472.0,0.27667057444314186,protomem
1706,1.0,0.0,472.0,0.27650849443468073,policy
1707,1.0,0.0,472.0,0.27634660421545665,policy
1708,1.0,0.0,472.0,0.2761849034523113,protomem
1709,1.0,0.0,472.0,0.2760233918128655,protomem
1710,1.0,0.0,472.0,0.27586206896551724,protomem
1711,1.0,0.0,472.0,0.2757009345794392,protomem
1712,1.0,0.0,472.0,0.27553998832457677,protomem
1713,1.0,0.0,472.0,0.27537922987164526,policy
1714,1.0,0.0,472.0,0.27521865889212827,policy
1715,1.0,0.0,472.0,0.27505827505827507,protomem
1716,1.0,0.0,472.0,0.2748980780430984,protomem
1717,1.0,0.0,472.0,0.27473806752037255,protomem
1718,1.0,0.0,472.0,0.2745782431646306,protomem
1719,1.0,0.0,472.0,0.2744186046511628,policy
1720,1.0,0.0,472.0,0.27425915165601394,protomem
1721,1.0,0.0,472.0,0.27409988385598144,policy
1722,1.0,0.0,472.0,0.2739408009286129,protomem
1723,1.0,0.0,472.0,0.2737819025522042,policy
1724,1.0,0.0,472.0,0.2736231884057971,policy
1725,1.0,0.0,472.0,0.2734646581691773,protomem
1726,1.0,0.0,472.0,0.27330631152287205,protomem
1727,1.0,0.0,472.0,0.27314814814814814,goalinfer
1728,1.0,0.0,472.0,0.27299016772700985,policy
1729,1.0,0.0,472.0,0.2728323699421965,protomem
1730,1.0,0.0,472.0,0.2726747544771808,policy
1731,1.0,0.0,472.0,0.27251732101616627,protomem
1732,1.0,0.0,472.0,0.2723600692440854,protomem
1733,1.0,0.0,472.0,0.2722029988465975,protomem
1734,1.0,0.0,472.0,0.27204610951008645,protomem
1735,1.0,0.0,472.0,0.271889400921659,goalinfer
1736,1.0,0.0,472.0,0.2717328727691422,policy
1737,1.0,0.0,472.0,0.2715765247410817,protomem
1738,1.0,0.0,472.0,0.2714203565267395,goalinfer
1739,1.0,0.0,472.0,0.271264367816092,protomem
1740,1.0,0.0,472.0,0.27110855829982766,goalinfer
1741,1.0,0.0,472.0,0.2709529276693456,policy
1742,1.0,0.0,472.0,0.2707974756167527,paramcomp
1743,1.0,0.0,472.0,0.2706422018348624,protomem
1744,1.0,0.0,472.0,0.270487106017192,policy
1745,1.0,0.0,472.0,0.27033218785796104,goalinfer
1746,1.0,0.0,472.0,0.2701774470520893,policy
1747,1.0,0.0,472.0,0.2700228832951945,protomem
1748,1.0,0.0,472.0,0.2698684962835906,protomem
1749,1.0,0.0,472.0,0.26971428571428574,policy
1750,1.0,0.0,472.0,0.26956025128498,protomem
1751,1.0,0.0,472.0,0.2694063926940639,protomem
1752,1.0,0.0,472.0,0.2692527096406161,policy
1753,1.0,0.0,472.0,0.2690992018244014,goalinfer
1754,1.0,0.0,472.0,0.26894586894586897,protomem
1755,1.0,0.0,472.0,0.26879271070615035,policy
1756,1.0,0.0,472.0,0.2686397268070575,protomem
1757,1.0,0.0,472.0,0.2684869169510808,policy
1758,1.0,0.0,472.0,0.26833428084138716,goalinfer
1759,1.0,0.0,472.0,0.2681818181818182,policy
1760,1.0,0.0,472.0,0.2680295286768881,protomem
1761,1.0,0.0,472.0,0.26787741203178206,goalinfer
1762,1.0,0.0,472.0,0.26772546795235397,protomem
1763,1.0,0.0,472.0,0.2675736961451247,protomem
1764,1.0,0.0,472.0,0.2674220963172805,protomem
1765,1.0,0.0,472.0,0.26727066817667045,protomem
1766,1.0,0.0,472.0,0.26711941143180534,protomem
1767,1.0,0.0,472.0,0.2669683257918552,policy
1768,1.0,0.0,472.0,0.26681741096664785,protomem
1769,1.0,0.0,472.0,0.26666666666666666,protomem
1770,1.0,0.0,472.0,0.26651609260304915,goalinfer
1771,1.0,0.0,472.0,0.26636568848758463,protomem
1772,1.0,0.0,472.0,0.2662154540327129,protomem
1773,1.0,0.0,472.0,0.266065388951522,protomem
1774,1.0,0.0,472.0,0.26591549295774647,protomem
1775,1.0,0.0,472.0,0.26576576576576577,policy
1776,1.0,0.0,472.0,0.26561620709060213,policy
1777,1.0,0.0,472.0,0.265466816647919,protomem
1778,1.0,0.0,472.0,0.2653175941540191,protomem
1779,1.0,0.0,472.0,0.2651685393258427,goalinfer
1780,1.0,0.0,472.0,0.26501965188096577,protomem
1781,1.0,0.0,472.0,0.2648709315375982,policy
1782,1.0,0.0,472.0,0.26472237801458215,policy
1783,1.0,0.0,472.0,0.2645739910313901,protomem
1784,1.0,0.0,472.0,0.26442577030812325,protomem
1785,1.0,0.0,472.0,0.2642777155655095,policy
1786,1.0,0.0,472.0,0.2641298265249021,protomem
1787,1.0,0.0,472.0,0.2639821029082774,protomem
1788,1.0,0.0,472.0,0.2638345444382337,protomem
1789,1.0,0.0,472.0,0.2636871508379888,protomem
1790,1.0,0.0,472.0,0.26353992183137914,policy
1791,1.0,0.0,472.0,0.26339285714285715,policy
1792,1.0,0.0,472.0,0.2632459564974902,policy
1793,1.0,0.0,472.0,0.2630992196209587,protomem
1794,1.0,0.0,472.0,0.26295264623955433,paramcomp
1795,1.0,0.0,472.0,0.26280623608017817,protomem
1796,1.0,0.0,472.0,0.2626599888703395,goalinfer
1797,1.0,0.0,472.0,0.2625139043381535,protomem
1798,1.0,0.0,472.0,0.2623679822123402,protomem
1799,1.0,0.0,472.0,0.26222222222222225,protomem
1800,1.0,0.0,472.0,0.2620766240977235,protomem
1801,1.0,0.0,472.0,0.2619311875693674,policy
1802,1.0,0.0,472.0,0.2617859123682751,policy
1803,1.0,0.0,472.0,0.2616407982261641,protomem
1804,1.0,0.0,472.0,0.2614958448753463,policy
1805,1.0,0.0,472.0,0.26135105204872644,policy
1806,1.0,0.0,472.0,0.2612064194798008,protomem
1807,1.0,0.0,472.0,0.2610619469026549,goalinfer
1808,1.0,0.0,472.0,0.2609176340519624,protomem
1809,1.0,0.0,472.0,0.26077348066298345,protomem
1810,1.0,0.0,472.0,0.2606294864715627,policy
1811,1.0,0.0,472.0,0.26048565121412803,policy
1812,1.0,0.0,472.0,0.26034197462768893,protomem
1813,1.0,0.0,472.0,0.26019845644983464,protomem
1814,1.0,0.0,472.0,0.26005509641873276,protomem
1815,1.0,0.0,472.0,0.2599118942731278,protomem
1816,1.0,0.0,472.0,0.259768849752339,policy
1817,1.0,0.0,472.0,0.25962596259625964,policy
1818,1.0,0.0,472.0,0.2594832325453546,protomem
1819,1.0,0.0,472.0,0.25934065934065936,protomem
1820,1.0,0.0,472.0,0.2591982427237781,protomem
1821,1.0,0.0,472.0,0.25905598243688255,policy
1822,1.0,0.0,472.0,0.25891387822270984,protomem
1823,1.0,0.0,472.0,0.25877192982456143,policy
1824,1.0,0.0,472.0,0.2586301369863014,policy
1825,1.0,0.0,472.0,0.25848849945235486,protomem
1826,1.0,0.0,472.0,0.2583470169677066,protomem
1827,1.0,0.0,472.0,0.25820568927789933,goalinfer
1828,1.0,0.0,472.0,0.25806451612903225,policy
1829,1.0,0.0,472.0,0.25792349726775954,protomem
1830,1.0,0.0,472.0,0.2577826324412889,policy
1831,1.0,0.0,472.0,0.2576419213973799,protomem
1832,1.0,0.0,472.0,0.2575013638843426,protomem
1833,1.0,0.0,472.0,0.257360959651036,protomem
1834,1.0,0.0,472.0,0.2572207084468665,protomem
1835,1.0,0.0,472.0,0.2570806100217865,goalinfer
1836,1.0,0.0,472.0,0.25694066412629285,policy
1837,1.0,0.0,472.0,0.25680087051142547,protomem
1838,1.0,0.0,472.0,0.25666122892876564,goalinfer
1839,1.0,0.0,472.0,0.2565217391304348,protomem
1840,1.0,0.0,472.0,0.25638240086909286,policy
1841,1.0,0.0,472.0,0.256243213897937,policy
1842,1.0,0.0,472.0,0.25610417797069995,protomem
1843,1.0,0.0,472.0,0.2559652928416486,protomem
1844,1.0,0.0,472.0,0.25582655826558265,protomem
1845,1.0,0.0,472.0,0.25568797399783316,policy
1846,1.0,0.0,472.0,0.255549539794261,protomem
1847,1.0,0.0,472.0,0.2554112554112554,policy
1848,1.0,0.0,472.0,0.2552731206057328,protomem
1849,1.0,0.0,472.0,0.25513513513513514,protomem
1850,1.0,0.0,472.0,0.25499729875742844,protomem
1851,1.0,0.0,472.0,0.2548596112311015,protomem
1852,1.0,0.0,472.0,0.2547220723151646,goalinfer
1853,1.0,0.0,472.0,0.2545846817691478,policy
1854,1.0,0.0,472.0,0.2544474393530997,protomem
1855,1.0,0.0,472.0,0.2543103448275862,protomem
1856,1.0,0.0,472.0,0.25417339795368876,protomem
1857,1.0,0.0,472.0,0.25403659849300325,goalinfer
1858,1.0,0.0,472.0,0.2538999462076385,policy
1859,1.0,0.0,472.0,0.2537634408602151,policy
1860,1.0,0.0,472.0,0.25362708221386354,protomem
1861,1.0,0.0,472.0,0.2534908700322234,policy
1862,1.0,0.0,472.0,0.2533548040794418,policy
1863,1.0,0.0,472.0,0.2532188841201717,protomem
1864,1.0,0.0,472.0,0.25308310991957106,protomem
1865,1.0,0.0,472.0,0.2529474812433012,policy
1866,1.0,0.0,472.0,0.25281199785752545,protomem
1867,1.0,0.0,472.0,0.25267665952890794,protomem
1868,1.0,0.0,472.0,0.2525414660246121,protomem
1869,1.0,0.0,472.0,0.25240641711229944,protomem
1870,1.0,0.0,472.0,0.25227151256012825,policy
1871,1.0,0.0,472.0,0.25213675213675213,policy
1872,1.0,0.0,472.0,0.25200213561131873,policy
1873,1.0,0.0,472.0,0.2518676627534685,protomem
1874,1.0,0.0,472.0,0.2517333333333333,paramcomp
1875,1.0,0.0,472.0,0.2515991471215352,protomem
1876,1.0,0.0,472.0,0.25146510388918486,goalinfer
1877,1.0,0.0,472.0,0.25133120340788073,protomem
1878,1.0,0.0,472.0,0.2511974454497073,protomem
1879,1.0,0.0,472.0,0.251063829787234,protomem
1880,1.0,0.0,472.0,0.2509303561935141,policy
1881,1.0,0.0,472.0,0.2507970244420829,policy
1882,1.0,0.0,472.0,0.250663834306957,protomem
1883,1.0,0.0,472.0,0.2505307855626327,protomem
1884,1.0,0.0,472.0,0.25039787798408486,protomem
1885,1.0,0.0,472.0,0.25026511134676566,policy
1886,1.0,0.0,472.0,0.25013248542660305,protomem
1887,1.0,0.0,472.0,0.25,policy
1888,1.0,0.0,472.0,0.24986765484383272,protomem
1889,1.0,0.0,472.0,0.24973544973544973,protomem
1890,1.0,0.0,472.0,0.24960338445267055,protomem
1891,1.0,0.0,472.0,0.24947145877378435,protomem
1892,1.0,0.0,472.0,0.24933967247754887,goalinfer
1893,1.0,0.0,472.0,0.249208025343189,policy
1894,1.0,0.0,472.0,0.24907651715039578,protomem
1895,1.0,0.0,472.0,0.2489451476793249,protomem
1896,1.0,0.0,472.0,0.2488139167105957,protomem
1897,1.0,0.0,472.0,0.24868282402528977,goalinfer
1898,1.0,0.0,472.0,0.24855186940494997,policy
1899,1.0,0.0,472.0,0.24842105263157896,policy
1900,1.0,0.0,472.0,0.24829037348763808,protomem
1901,1.0,0.0,472.0,0.24815983175604628,goalinfer
1902,1.0,0.0,472.0,0.24802942722017868,policy
1903,1.0,0.0,472.0,0.24789915966386555,protomem
1904,1.0,0.0,472.0,0.24776902887139107,protomem
1905,1.0,0.0,472.0,0.24763903462749212,protomem
1906,1.0,0.0,472.0,0.24750917671735712,policy
1907,1.0,0.0,472.0,0.24737945492662475,policy
1908,1.0,0.0,472.0,0.24724986904138294,policy
1909,1.0,0.0,472.0,0.24712041884816754,policy
1910,1.0,0.0,472.0,0.24699110413396128,protomem
1911,1.0,0.0,472.0,0.24686192468619247,policy
1912,1.0,0.0,472.0,0.24673288029273394,protomem
1913,1.0,0.0,472.0,0.24660397074190177,policy
1914,1.0,0.0,472.0,0.2464751958224543,protomem
1915,1.0,0.0,472.0,0.24634655532359082,policy
1916,1.0,0.0,472.0,0.24621804903495045,paramcomp
1917,1.0,0.0,472.0,0.24608967674661106,policy
1918,1.0,0.0,472.0,0.24596143824908806,policy
1919,1.0,0.0,472.0,0.24583333333333332,policy
1920,1.0,0.0,472.0,0.245705361790734,protomem
1921,1.0,0.0,472.0,0.24557752341311134,protomem
1922,1.0,0.0,472.0,0.2454498179927197,protomem
1923,1.0,0.0,472.0,0.24532224532224534,protomem
1924,1.0,0.0,472.0,0.2451948051948052,policy
1925,1.0,0.0,472.0,0.245067497403946,protomem
1926,1.0,0.0,472.0,0.24494032174364297,policy
1927,1.0,0.0,472.0,0.24481327800829875,protomem
1928,1.0,0.0,472.0,0.24468636599274235,policy
1929,1.0,0.0,472.0,0.24455958549222798,protomem
1930,1.0,0.0,472.0,0.24443293630243398,protomem
1931,1.0,0.0,472.0,0.2443064182194617,policy
1932,1.0,0.0,472.0,0.24418003103983446,policy
1933,1.0,0.0,472.0,0.24405377456049637,protomem
1934,1.0,0.0,472.0,0.24392764857881136,protomem
1935,1.0,0.0,472.0,0.24380165289256198,protomem
1936,1.0,0.0,472.0,0.24367578729994838,protomem
1937,1.0,0.0,472.0,0.2435500515995872,protomem
1938,1.0,0.0,472.0,0.24342444559051057,protomem
1939,1.0,0.0,472.0,0.24329896907216494,protomem
1940,1.0,0.0,472.0,0.2431736218444101,policy
1941,1.0,0.0,472.0,0.243048403707518,protomem
1942,1.0,0.0,472.0,0.24292331446217189,policy
1943,1.0,0.0,472.0,0.24279835390946503,protomem
1944,1.0,0.0,472.0,0.24267352185089974,policy
1945,1.0,0.0,472.0,0.24254881808838644,policy
1946,1.0,0.0,472.0,0.24242424242424243,protomem
1947,1.0,0.0,472.0,0.24229979466119098,policy
1948,1.0,0.0,472.0,0.2421754746023602,goalinfer
1949,1.0,0.0,472.0,0.24205128205128204,protomem
1950,1.0,0.0,472.0,0.24192721681189133,protomem
1951,1.0,0.0,472.0,0.24180327868852458,protomem
1952,1.0,0.0,472.0,0.2416794674859191,protomem
1953,1.0,0.0,472.0,0.24155578300921188,paramcomp
1954,1.0,0.0,472.0,0.24143222506393863,policy
1955,1.0,0.0,472.0,0.24130879345603273,policy
1956,1.0,0.0,472.0,0.2411854879918242,policy
1957,1.0,0.0,472.0,0.2410623084780388,protomem
1958,1.0,0.0,472.0,0.24093925472179684,protomem
1959,1.0,0.0,472.0,0.24081632653061225,protomem
1960,0.0,1.0,473.0,0.24120346761856196,policy
1961,1.0,0.0,473.0,0.24108053007135577,goalinfer
1962,0.0,1.0,474.0,0.2414671421293938,policy
1963,0.0,1.0,475.0,0.24185336048879838,policy
1964,1.0,0.0,475.0,0.24173027989821882,goalinfer
1965,0.0,1.0,476.0,0.24211597151576805,policy
1966,0.0,1.0,477.0,0.24250127097102187,policy
1967,0.0,1.0,478.0,0.24288617886178862,policy
1968,0.0,1.0,479.0,0.24327069578466226,policy
1969,0.0,1.0,480.0,0.2436548223350254,policy
1970,0.0,1.0,481.0,0.24403855910705224,policy
1971,0.0,1.0,482.0,0.24442190669371197,policy
1972,0.0,1.0,483.0,0.24480486568677143,policy
1973,0.0,1.0,484.0,0.24518743667679838,policy
1974,0.0,1.0,485.0,0.24556962025316456,policy
1975,0.0,1.0,486.0,0.24595141700404857,policy
1976,1.0,0.0,486.0,0.24582701062215478,policy
1977,0.0,1.0,487.0,0.2462082912032356,policy
1978,0.0,1.0,488.0,0.24658918645780697,policy
1979,0.0,1.0,489.0,0.24696969696969698,policy
1980,1.0,0.0,489.0,0.2468450277637557,protomem
1981,1.0,0.0,489.0,0.2467204843592331,protomem
1982,1.0,0.0,489.0,0.24659606656580937,policy
1983,1.0,0.0,489.0,0.24647177419354838,protomem
1984,1.0,0.0,489.0,0.24634760705289674,protomem
1985,1.0,0.0,489.0,0.24622356495468278,policy
1986,1.0,0.0,489.0,0.24609964771011575,policy
1987,0.0,1.0,490.0,0.24647887323943662,policy
1988,1.0,0.0,490.0,0.2463549522373052,protomem
1989,1.0,0.0,490.0,0.24623115577889448,policy
1990,1.0,0.0,490.0,0.24610748367654445,policy
1991,1.0,0.0,490.0,0.2459839357429719,policy
1992,1.0,0.0,490.0,0.24586051179126944,policy
1993,0.0,1.0,491.0,0.24623871614844534,policy
1994,1.0,0.0,491.0,0.24611528822055137,protomem
1995,1.0,0.0,491.0,0.24599198396793587,policy
1996,0.0,1.0,492.0,0.24636955433149724,policy
1997,1.0,0.0,492.0,0.24624624624624625,policy
1998,1.0,0.0,492.0,0.24612306153076538,protomem
1999,1.0,0.0,492.0,0.246,protomem
