step,strategy,best_action_match,n_seeds,level
1,kmeans_20,0.095,50,S2
2,kmeans_20,0.095,50,S2
3,kmeans_20,0.095,50,S2
4,kmeans_20,0.095,50,S2
5,kmeans_20,0.115,50,S2
6,kmeans_20,0.095,50,S2
7,kmeans_20,0.095,50,S2
8,kmeans_20,0.095,50,S2
9,kmeans_20,0.095,50,S2
10,kmeans_20,0.095,50,S2
11,kmeans_20,0.095,50,S2
12,kmeans_20,0.095,50,S2
13,kmeans_20,0.095,50,S2
14,kmeans_20,0.095,50,S2
15,kmeans_20,0.095,50,S2
16,kmeans_20,0.095,50,S2
17,kmeans_20,0.095,50,S2
18,kmeans_20,0.095,50,S2
19,kmeans_20,0.095,50,S2
20,kmeans_20,0.095,50,S2
21,kmeans_20,0.095,50,S2
22,kmeans_20,0.095,50,S2
23,kmeans_20,0.095,50,S2
24,kmeans_20,0.095,50,S2
25,kmeans_20,0.095,50,S2
26,kmeans_20,0.095,50,S2
27,kmeans_20,0.095,50,S2
28,kmeans_20,0.095,50,S2
29,kmeans_20,0.095,50,S2
30,kmeans_20,0.095,50,S2
31,kmeans_20,0.095,50,S2
32,kmeans_20,0.095,50,S2
33,kmeans_20,0.095,50,S2
34,kmeans_20,0.095,50,S2
35,kmeans_20,0.095,50,S2
36,kmeans_20,0.095,50,S2
37,kmeans_20,0.095,50,S2
38,kmeans_20,0.095,50,S2
39,kmeans_20,0.095,50,S2
40,kmeans_20,0.095,50,S2
41,kmeans_20,0.095,50,S2
42,kmeans_20,0.095,50,S2
43,kmeans_20,0.095,50,S2
44,kmeans_20,0.095,50,S2
45,kmeans_20,0.095,50,S2
46,kmeans_20,0.095,50,S2
47,kmeans_20,0.095,50,S2
48,kmeans_20,0.095,50,S2
49,kmeans_20,0.095,50,S2
50,kmeans_20,0.095,50,S2
1,y_aware_w5.0,0.555,50,S2
2,y_aware_w5.0,0.575,50,S2
3,y_aware_w5.0,0.56,50,S2
4,y_aware_w5.0,0.58,50,S2
5,y_aware_w5.0,0.5,50,S2
6,y_aware_w5.0,0.605,50,S2
7,y_aware_w5.0,0.545,50,S2
8,y_aware_w5.0,0.595,50,S2
9,y_aware_w5.0,0.565,50,S2
10,y_aware_w5.0,0.585,50,S2
11,y_aware_w5.0,0.52,50,S2
12,y_aware_w5.0,0.53,50,S2
13,y_aware_w5.0,0.525,50,S2
14,y_aware_w5.0,0.54,50,S2
15,y_aware_w5.0,0.53,50,S2
16,y_aware_w5.0,0.51,50,S2
17,y_aware_w5.0,0.52,50,S2
18,y_aware_w5.0,0.505,50,S2
19,y_aware_w5.0,0.585,50,S2
20,y_aware_w5.0,0.53,50,S2
21,y_aware_w5.0,0.515,50,S2
22,y_aware_w5.0,0.54,50,S2
23,y_aware_w5.0,0.505,50,S2
24,y_aware_w5.0,0.495,50,S2
25,y_aware_w5.0,0.57,50,S2
26,y_aware_w5.0,0.55,50,S2
27,y_aware_w5.0,0.56,50,S2
28,y_aware_w5.0,0.575,50,S2
29,y_aware_w5.0,0.54,50,S2
30,y_aware_w5.0,0.565,50,S2
31,y_aware_w5.0,0.56,50,S2
32,y_aware_w5.0,0.57,50,S2
33,y_aware_w5.0,0.515,50,S2
34,y_aware_w5.0,0.515,50,S2
35,y_aware_w5.0,0.525,50,S2
36,y_aware_w5.0,0.525,50,S2
37,y_aware_w5.0,0.55,50,S2
38,y_aware_w5.0,0.495,50,S2
39,y_aware_w5.0,0.535,50,S2
40,y_aware_w5.0,0.515,50,S2
41,y_aware_w5.0,0.59,50,S2
42,y_aware_w5.0,0.55,50,S2
43,y_aware_w5.0,0.515,50,S2
44,y_aware_w5.0,0.54,50,S2
45,y_aware_w5.0,0.555,50,S2
46,y_aware_w5.0,0.605,50,S2
47,y_aware_w5.0,0.595,50,S2
48,y_aware_w5.0,0.515,50,S2
49,y_aware_w5.0,0.55,50,S2
50,y_aware_w5.0,0.59,50,S2
1,per_action_kmeans,0.59,50,S2
2,per_action_kmeans,0.555,50,S2
3,per_action_kmeans,0.605,50,S2
4,per_action_kmeans,0.54,50,S2
5,per_action_kmeans,0.585,50,S2
6,per_action_kmeans,0.585,50,S2
7,per_action_kmeans,0.57,50,S2
8,per_action_kmeans,0.625,50,S2
9,per_action_kmeans,0.565,50,S2
10,per_action_kmeans,0.59,50,S2
11,per_action_kmeans,0.595,50,S2
12,per_action_kmeans,0.61,50,S2
13,per_action_kmeans,0.59,50,S2
14,per_action_kmeans,0.665,50,S2
15,per_action_kmeans,0.595,50,S2
16,per_action_kmeans,0.655,50,S2
17,per_action_kmeans,0.67,50,S2
18,per_action_kmeans,0.605,50,S2
19,per_action_kmeans,0.605,50,S2
20,per_action_kmeans,0.635,50,S2
21,per_action_kmeans,0.575,50,S2
22,per_action_kmeans,0.59,50,S2
23,per_action_kmeans,0.62,50,S2
24,per_action_kmeans,0.63,50,S2
25,per_action_kmeans,0.64,50,S2
26,per_action_kmeans,0.65,50,S2
27,per_action_kmeans,0.575,50,S2
28,per_action_kmeans,0.6,50,S2
29,per_action_kmeans,0.57,50,S2
30,per_action_kmeans,0.575,50,S2
31,per_action_kmeans,0.58,50,S2
32,per_action_kmeans,0.63,50,S2
33,per_action_kmeans,0.61,50,S2
34,per_action_kmeans,0.615,50,S2
35,per_action_kmeans,0.595,50,S2
36,per_action_kmeans,0.64,50,S2
37,per_action_kmeans,0.575,50,S2
38,per_action_kmeans,0.65,50,S2
39,per_action_kmeans,0.625,50,S2
40,per_action_kmeans,0.62,50,S2
41,per_action_kmeans,0.615,50,S2
42,per_action_kmeans,0.65,50,S2
43,per_action_kmeans,0.635,50,S2
44,per_action_kmeans,0.56,50,S2
45,per_action_kmeans,0.62,50,S2
46,per_action_kmeans,0.655,50,S2
47,per_action_kmeans,0.665,50,S2
48,per_action_kmeans,0.62,50,S2
49,per_action_kmeans,0.665,50,S2
50,per_action_kmeans,0.66,50,S2
1,adaptive_per_action,0.53,50,S2
2,adaptive_per_action,0.52,50,S2
3,adaptive_per_action,0.56,50,S2
4,adaptive_per_action,0.6,50,S2
5,adaptive_per_action,0.63,50,S2
6,adaptive_per_action,0.635,50,S2
7,adaptive_per_action,0.56,50,S2
8,adaptive_per_action,0.59,50,S2
9,adaptive_per_action,0.58,50,S2
10,adaptive_per_action,0.57,50,S2
11,adaptive_per_action,0.61,50,S2
12,adaptive_per_action,0.575,50,S2
13,adaptive_per_action,0.615,50,S2
14,adaptive_per_action,0.59,50,S2
15,adaptive_per_action,0.605,50,S2
16,adaptive_per_action,0.605,50,S2
17,adaptive_per_action,0.645,50,S2
18,adaptive_per_action,0.58,50,S2
19,adaptive_per_action,0.6,50,S2
20,adaptive_per_action,0.64,50,S2
21,adaptive_per_action,0.575,50,S2
22,adaptive_per_action,0.65,50,S2
23,adaptive_per_action,0.61,50,S2
24,adaptive_per_action,0.605,50,S2
25,adaptive_per_action,0.66,50,S2
26,adaptive_per_action,0.61,50,S2
27,adaptive_per_action,0.615,50,S2
28,adaptive_per_action,0.595,50,S2
29,adaptive_per_action,0.63,50,S2
30,adaptive_per_action,0.625,50,S2
31,adaptive_per_action,0.62,50,S2
32,adaptive_per_action,0.595,50,S2
33,adaptive_per_action,0.545,50,S2
34,adaptive_per_action,0.585,50,S2
35,adaptive_per_action,0.595,50,S2
36,adaptive_per_action,0.585,50,S2
37,adaptive_per_action,0.56,50,S2
38,adaptive_per_action,0.595,50,S2
39,adaptive_per_action,0.61,50,S2
40,adaptive_per_action,0.59,50,S2
41,adaptive_per_action,0.61,50,S2
42,adaptive_per_action,0.58,50,S2
43,adaptive_per_action,0.655,50,S2
44,adaptive_per_action,0.605,50,S2
45,adaptive_per_action,0.61,50,S2
46,adaptive_per_action,0.63,50,S2
47,adaptive_per_action,0.605,50,S2
48,adaptive_per_action,0.57,50,S2
49,adaptive_per_action,0.64,50,S2
50,adaptive_per_action,0.63,50,S2
1,nomemory,0.46,50,S2
2,nomemory,0.445,50,S2
3,nomemory,0.445,50,S2
4,nomemory,0.445,50,S2
5,nomemory,0.445,50,S2
6,nomemory,0.445,50,S2
7,nomemory,0.445,50,S2
8,nomemory,0.445,50,S2
9,nomemory,0.445,50,S2
10,nomemory,0.445,50,S2
11,nomemory,0.445,50,S2
12,nomemory,0.445,50,S2
13,nomemory,0.445,50,S2
14,nomemory,0.445,50,S2
15,nomemory,0.445,50,S2
16,nomemory,0.445,50,S2
17,nomemory,0.445,50,S2
18,nomemory,0.445,50,S2
19,nomemory,0.445,50,S2
20,nomemory,0.445,50,S2
21,nomemory,0.445,50,S2
22,nomemory,0.445,50,S2
23,nomemory,0.445,50,S2
24,nomemory,0.445,50,S2
25,nomemory,0.445,50,S2
26,nomemory,0.445,50,S2
27,nomemory,0.445,50,S2
28,nomemory,0.445,50,S2
29,nomemory,0.445,50,S2
30,nomemory,0.445,50,S2
31,nomemory,0.445,50,S2
32,nomemory,0.445,50,S2
33,nomemory,0.445,50,S2
34,nomemory,0.445,50,S2
35,nomemory,0.445,50,S2
36,nomemory,0.445,50,S2
37,nomemory,0.445,50,S2
38,nomemory,0.445,50,S2
39,nomemory,0.445,50,S2
40,nomemory,0.445,50,S2
41,nomemory,0.445,50,S2
42,nomemory,0.445,50,S2
43,nomemory,0.445,50,S2
44,nomemory,0.445,50,S2
45,nomemory,0.445,50,S2
46,nomemory,0.445,50,S2
47,nomemory,0.445,50,S2
48,nomemory,0.445,50,S2
49,nomemory,0.445,50,S2
50,nomemory,0.445,50,S2
