action_effect_type,utility,utility_type,mechanism,match,total_capital_cost,performance_per_byte
simple_sign_flip,H_linear_0,linear,AEPCompressor,0.98,66532,1.4729754103288643e-05
simple_sign_flip,H_linear_0,linear,ResidualCompressor,0.99,48920,2.0237121831561732e-05
simple_sign_flip,H_linear_0,linear,RawMemoryOutcomeTableFull,0.9575,19368,4.9437216026435355e-05
simple_sign_flip,H_linear_0,linear,PrototypeOutcomeTable,0.9575,19800,4.835858585858586e-05
simple_sign_flip,H_linear_1,linear,AEPCompressor,0.985,66532,1.4804905909938074e-05
simple_sign_flip,H_linear_1,linear,ResidualCompressor,0.995,48920,2.0339329517579723e-05
simple_sign_flip,H_linear_1,linear,RawMemoryOutcomeTableFull,0.965,19368,4.98244527054936e-05
simple_sign_flip,H_linear_1,linear,PrototypeOutcomeTable,0.965,19800,4.8737373737373736e-05
simple_sign_flip,H_linear_2,linear,AEPCompressor,0.9875,66532,1.4842481813262791e-05
simple_sign_flip,H_linear_2,linear,ResidualCompressor,0.995,48920,2.0339329517579723e-05
simple_sign_flip,H_linear_2,linear,RawMemoryOutcomeTableFull,0.9725,19368,5.021168938455184e-05
simple_sign_flip,H_linear_2,linear,PrototypeOutcomeTable,0.9725,19800,4.911616161616162e-05
simple_sign_flip,H_linear_3,linear,AEPCompressor,0.9825,66532,1.476733000661336e-05
simple_sign_flip,H_linear_3,linear,ResidualCompressor,0.99,48920,2.0237121831561732e-05
simple_sign_flip,H_linear_3,linear,RawMemoryOutcomeTableFull,0.955,19368,4.930813713341594e-05
simple_sign_flip,H_linear_3,linear,PrototypeOutcomeTable,0.955,19800,4.823232323232323e-05
simple_sign_flip,H_linear_4,linear,AEPCompressor,0.985,66532,1.4804905909938074e-05
simple_sign_flip,H_linear_4,linear,ResidualCompressor,0.99,48920,2.0237121831561732e-05
simple_sign_flip,H_linear_4,linear,RawMemoryOutcomeTableFull,0.9725,19368,5.021168938455184e-05
simple_sign_flip,H_linear_4,linear,PrototypeOutcomeTable,0.9725,19800,4.911616161616162e-05
simple_sign_flip,H_linear_5,linear,AEPCompressor,0.965,66532,1.4504298683340348e-05
simple_sign_flip,H_linear_5,linear,ResidualCompressor,0.98,48920,2.0032706459525757e-05
simple_sign_flip,H_linear_5,linear,RawMemoryOutcomeTableFull,0.8525,19368,4.401590251961999e-05
simple_sign_flip,H_linear_5,linear,PrototypeOutcomeTable,0.8275,19800,4.179292929292929e-05
simple_sign_flip,H_target_6,target,AEPCompressor,0.995,66532,1.495520952323694e-05
simple_sign_flip,H_target_6,target,ResidualCompressor,0.995,48920,2.0339329517579723e-05
simple_sign_flip,H_target_6,target,RawMemoryOutcomeTableFull,0.99,19368,5.111524163568773e-05
simple_sign_flip,H_target_6,target,PrototypeOutcomeTable,0.99,19800,5e-05
simple_sign_flip,H_target_7,target,AEPCompressor,0.995,66532,1.495520952323694e-05
simple_sign_flip,H_target_7,target,ResidualCompressor,0.9975,48920,2.0390433360588716e-05
simple_sign_flip,H_target_7,target,RawMemoryOutcomeTableFull,0.9875,19368,5.098616274266832e-05
simple_sign_flip,H_target_7,target,PrototypeOutcomeTable,0.9875,19800,4.9873737373737375e-05
simple_sign_flip,H_target_8,target,AEPCompressor,0.9675,66532,1.4541874586665064e-05
simple_sign_flip,H_target_8,target,ResidualCompressor,0.965,48920,1.972608340147179e-05
simple_sign_flip,H_target_8,target,RawMemoryOutcomeTableFull,0.92,19368,4.7501032631144157e-05
simple_sign_flip,H_target_8,target,PrototypeOutcomeTable,0.9225,19800,4.659090909090909e-05
simple_sign_flip,H_target_9,target,AEPCompressor,0.935,66532,1.4053387843443756e-05
simple_sign_flip,H_target_9,target,ResidualCompressor,0.9475,48920,1.9368356500408832e-05
simple_sign_flip,H_target_9,target,RawMemoryOutcomeTableFull,0.5725,19368,2.9559066501445683e-05
simple_sign_flip,H_target_9,target,PrototypeOutcomeTable,0.5875,19800,2.9671717171717172e-05
simple_sign_flip,H_target_10,target,AEPCompressor,0.9975,66532,1.4992785426561656e-05
simple_sign_flip,H_target_10,target,ResidualCompressor,0.995,48920,2.0339329517579723e-05
simple_sign_flip,H_target_10,target,RawMemoryOutcomeTableFull,0.9875,19368,5.098616274266832e-05
simple_sign_flip,H_target_10,target,PrototypeOutcomeTable,0.9875,19800,4.9873737373737375e-05
simple_sign_flip,H_piecewise_15,piecewise,AEPCompressor,0.9925,66532,1.4917633619912224e-05
simple_sign_flip,H_piecewise_15,piecewise,ResidualCompressor,0.9825,48920,2.008381030253475e-05
simple_sign_flip,H_piecewise_15,piecewise,RawMemoryOutcomeTableFull,0.61,19368,3.1495249896736885e-05
simple_sign_flip,H_piecewise_15,piecewise,PrototypeOutcomeTable,0.695,19800,3.51010101010101e-05
simple_sign_flip,H_piecewise_16,piecewise,AEPCompressor,0.935,66532,1.4053387843443756e-05
simple_sign_flip,H_piecewise_16,piecewise,ResidualCompressor,0.935,48920,1.911283728536386e-05
simple_sign_flip,H_piecewise_16,piecewise,RawMemoryOutcomeTableFull,0.2575,19368,1.3295125980999588e-05
simple_sign_flip,H_piecewise_16,piecewise,PrototypeOutcomeTable,0.1075,19800,5.429292929292929e-06
simple_sign_flip,H_piecewise_18,piecewise,AEPCompressor,0.99,66532,1.4880057716587506e-05
simple_sign_flip,H_piecewise_18,piecewise,ResidualCompressor,0.9825,48920,2.008381030253475e-05
simple_sign_flip,H_piecewise_18,piecewise,RawMemoryOutcomeTableFull,0.6125,19368,3.16243287897563e-05
simple_sign_flip,H_piecewise_18,piecewise,PrototypeOutcomeTable,0.695,19800,3.51010101010101e-05
simple_sign_flip,H_multiobj_24,multiobj,AEPCompressor,1.0,66532,1.503036132988637e-05
simple_sign_flip,H_multiobj_24,multiobj,ResidualCompressor,1.0,48920,2.044153720359771e-05
simple_sign_flip,H_multiobj_24,multiobj,RawMemoryOutcomeTableFull,1.0,19368,5.163155720776539e-05
simple_sign_flip,H_multiobj_24,multiobj,PrototypeOutcomeTable,1.0,19800,5.0505050505050505e-05
mode_conditioned_gain,H_linear_0,linear,AEPCompressor,0.9725,66532,1.4617026393314496e-05
mode_conditioned_gain,H_linear_0,linear,ResidualCompressor,0.97,48920,1.982829108748978e-05
mode_conditioned_gain,H_linear_0,linear,RawMemoryOutcomeTableFull,0.945,19368,4.879182156133829e-05
mode_conditioned_gain,H_linear_0,linear,PrototypeOutcomeTable,0.945,19800,4.7727272727272724e-05
mode_conditioned_gain,H_linear_1,linear,AEPCompressor,0.975,66532,1.4654602296639211e-05
mode_conditioned_gain,H_linear_1,linear,ResidualCompressor,0.9675,48920,1.9777187244480785e-05
mode_conditioned_gain,H_linear_1,linear,RawMemoryOutcomeTableFull,0.95,19368,4.904997934737712e-05
mode_conditioned_gain,H_linear_1,linear,PrototypeOutcomeTable,0.95,19800,4.797979797979798e-05
mode_conditioned_gain,H_linear_2,linear,AEPCompressor,0.9775,66532,1.4692178199963928e-05
mode_conditioned_gain,H_linear_2,linear,ResidualCompressor,0.97,48920,1.982829108748978e-05
mode_conditioned_gain,H_linear_2,linear,RawMemoryOutcomeTableFull,0.96,19368,4.956629491945477e-05
mode_conditioned_gain,H_linear_2,linear,PrototypeOutcomeTable,0.96,19800,4.848484848484848e-05
mode_conditioned_gain,H_linear_3,linear,AEPCompressor,0.965,66532,1.4504298683340348e-05
mode_conditioned_gain,H_linear_3,linear,ResidualCompressor,0.9575,48920,1.9572771872444807e-05
mode_conditioned_gain,H_linear_3,linear,RawMemoryOutcomeTableFull,0.9475,19368,4.89209004543577e-05
mode_conditioned_gain,H_linear_3,linear,PrototypeOutcomeTable,0.9475,19800,4.785353535353535e-05
mode_conditioned_gain,H_linear_4,linear,AEPCompressor,0.985,66532,1.4804905909938074e-05
mode_conditioned_gain,H_linear_4,linear,ResidualCompressor,0.9825,48920,2.008381030253475e-05
mode_conditioned_gain,H_linear_4,linear,RawMemoryOutcomeTableFull,0.9575,19368,4.9437216026435355e-05
mode_conditioned_gain,H_linear_4,linear,PrototypeOutcomeTable,0.9575,19800,4.835858585858586e-05
mode_conditioned_gain,H_linear_5,linear,AEPCompressor,0.8625,66532,1.2963686647026995e-05
mode_conditioned_gain,H_linear_5,linear,ResidualCompressor,0.8775,48920,1.793744889615699e-05
mode_conditioned_gain,H_linear_5,linear,RawMemoryOutcomeTableFull,0.7925,19368,4.091800908715407e-05
mode_conditioned_gain,H_linear_5,linear,PrototypeOutcomeTable,0.7875,19800,3.977272727272727e-05
mode_conditioned_gain,H_target_6,target,AEPCompressor,0.9725,66532,1.4617026393314496e-05
mode_conditioned_gain,H_target_6,target,ResidualCompressor,0.9925,48920,2.028822567457073e-05
mode_conditioned_gain,H_target_6,target,RawMemoryOutcomeTableFull,0.995,19368,5.137339942172656e-05
mode_conditioned_gain,H_target_6,target,PrototypeOutcomeTable,0.995,19800,5.025252525252525e-05
mode_conditioned_gain,H_target_7,target,AEPCompressor,0.9925,66532,1.4917633619912224e-05
mode_conditioned_gain,H_target_7,target,ResidualCompressor,0.995,48920,2.0339329517579723e-05
mode_conditioned_gain,H_target_7,target,RawMemoryOutcomeTableFull,0.9925,19368,5.1244320528707145e-05
mode_conditioned_gain,H_target_7,target,PrototypeOutcomeTable,0.9925,19800,5.012626262626263e-05
mode_conditioned_gain,H_target_8,target,AEPCompressor,0.975,66532,1.4654602296639211e-05
mode_conditioned_gain,H_target_8,target,ResidualCompressor,0.9725,48920,1.9879394930498773e-05
mode_conditioned_gain,H_target_8,target,RawMemoryOutcomeTableFull,0.92,19368,4.7501032631144157e-05
mode_conditioned_gain,H_target_8,target,PrototypeOutcomeTable,0.9375,19800,4.734848484848485e-05
mode_conditioned_gain,H_target_9,target,AEPCompressor,0.79,66532,1.1873985450610233e-05
mode_conditioned_gain,H_target_9,target,ResidualCompressor,0.8125,48920,1.660874897792314e-05
mode_conditioned_gain,H_target_9,target,RawMemoryOutcomeTableFull,0.43,19368,2.2201569599339117e-05
mode_conditioned_gain,H_target_9,target,PrototypeOutcomeTable,0.445,19800,2.2474747474747475e-05
mode_conditioned_gain,H_target_10,target,AEPCompressor,0.9875,66532,1.4842481813262791e-05
mode_conditioned_gain,H_target_10,target,ResidualCompressor,0.99,48920,2.0237121831561732e-05
mode_conditioned_gain,H_target_10,target,RawMemoryOutcomeTableFull,0.9825,19368,5.0728004956629494e-05
mode_conditioned_gain,H_target_10,target,PrototypeOutcomeTable,0.9825,19800,4.962121212121212e-05
mode_conditioned_gain,H_piecewise_15,piecewise,AEPCompressor,0.8075,66532,1.2137016773883244e-05
mode_conditioned_gain,H_piecewise_15,piecewise,ResidualCompressor,0.8025,48920,1.640433360588716e-05
mode_conditioned_gain,H_piecewise_15,piecewise,RawMemoryOutcomeTableFull,0.5425,19368,2.8010119785212722e-05
mode_conditioned_gain,H_piecewise_15,piecewise,PrototypeOutcomeTable,0.5225,19800,2.638888888888889e-05
mode_conditioned_gain,H_piecewise_16,piecewise,AEPCompressor,0.6575,66532,9.882462574400289e-06
mode_conditioned_gain,H_piecewise_16,piecewise,ResidualCompressor,0.635,48920,1.2980376124284546e-05
mode_conditioned_gain,H_piecewise_16,piecewise,RawMemoryOutcomeTableFull,0.12,19368,6.195786864931846e-06
mode_conditioned_gain,H_piecewise_16,piecewise,PrototypeOutcomeTable,0.095,19800,4.797979797979798e-06
mode_conditioned_gain,H_piecewise_18,piecewise,AEPCompressor,0.8125,66532,1.2212168580532676e-05
mode_conditioned_gain,H_piecewise_18,piecewise,ResidualCompressor,0.8025,48920,1.640433360588716e-05
mode_conditioned_gain,H_piecewise_18,piecewise,RawMemoryOutcomeTableFull,0.545,19368,2.8139198678232137e-05
mode_conditioned_gain,H_piecewise_18,piecewise,PrototypeOutcomeTable,0.52,19800,2.6262626262626265e-05
mode_conditioned_gain,H_multiobj_24,multiobj,AEPCompressor,1.0,66532,1.503036132988637e-05
mode_conditioned_gain,H_multiobj_24,multiobj,ResidualCompressor,1.0,48920,2.044153720359771e-05
mode_conditioned_gain,H_multiobj_24,multiobj,RawMemoryOutcomeTableFull,1.0,19368,5.163155720776539e-05
mode_conditioned_gain,H_multiobj_24,multiobj,PrototypeOutcomeTable,1.0,19800,5.0505050505050505e-05
state_dep_nonlinear_gain,H_linear_0,linear,AEPCompressor,0.9825,66532,1.476733000661336e-05
state_dep_nonlinear_gain,H_linear_0,linear,ResidualCompressor,0.985,48920,2.0134914145543744e-05
state_dep_nonlinear_gain,H_linear_0,linear,RawMemoryOutcomeTableFull,0.975,19368,5.034076827757125e-05
state_dep_nonlinear_gain,H_linear_0,linear,PrototypeOutcomeTable,0.975,19800,4.924242424242424e-05
state_dep_nonlinear_gain,H_linear_1,linear,AEPCompressor,0.985,66532,1.4804905909938074e-05
state_dep_nonlinear_gain,H_linear_1,linear,ResidualCompressor,0.99,48920,2.0237121831561732e-05
state_dep_nonlinear_gain,H_linear_1,linear,RawMemoryOutcomeTableFull,0.975,19368,5.034076827757125e-05
state_dep_nonlinear_gain,H_linear_1,linear,PrototypeOutcomeTable,0.975,19800,4.924242424242424e-05
state_dep_nonlinear_gain,H_linear_2,linear,AEPCompressor,0.9925,66532,1.4917633619912224e-05
state_dep_nonlinear_gain,H_linear_2,linear,ResidualCompressor,0.995,48920,2.0339329517579723e-05
state_dep_nonlinear_gain,H_linear_2,linear,RawMemoryOutcomeTableFull,0.985,19368,5.08570838496489e-05
state_dep_nonlinear_gain,H_linear_2,linear,PrototypeOutcomeTable,0.985,19800,4.974747474747475e-05
state_dep_nonlinear_gain,H_linear_3,linear,AEPCompressor,0.985,66532,1.4804905909938074e-05
state_dep_nonlinear_gain,H_linear_3,linear,ResidualCompressor,0.985,48920,2.0134914145543744e-05
state_dep_nonlinear_gain,H_linear_3,linear,RawMemoryOutcomeTableFull,0.97,19368,5.008261049153242e-05
state_dep_nonlinear_gain,H_linear_3,linear,PrototypeOutcomeTable,0.97,19800,4.898989898989899e-05
state_dep_nonlinear_gain,H_linear_4,linear,AEPCompressor,0.985,66532,1.4804905909938074e-05
state_dep_nonlinear_gain,H_linear_4,linear,ResidualCompressor,0.99,48920,2.0237121831561732e-05
state_dep_nonlinear_gain,H_linear_4,linear,RawMemoryOutcomeTableFull,0.9775,19368,5.0469847170590665e-05
state_dep_nonlinear_gain,H_linear_4,linear,PrototypeOutcomeTable,0.9775,19800,4.936868686868687e-05
state_dep_nonlinear_gain,H_linear_5,linear,AEPCompressor,0.95,66532,1.4278843263392051e-05
state_dep_nonlinear_gain,H_linear_5,linear,ResidualCompressor,0.955,48920,1.9521668029435813e-05
state_dep_nonlinear_gain,H_linear_5,linear,RawMemoryOutcomeTableFull,0.945,19368,4.879182156133829e-05
state_dep_nonlinear_gain,H_linear_5,linear,PrototypeOutcomeTable,0.945,19800,4.7727272727272724e-05
state_dep_nonlinear_gain,H_target_6,target,AEPCompressor,1.0,66532,1.503036132988637e-05
state_dep_nonlinear_gain,H_target_6,target,ResidualCompressor,0.9975,48920,2.0390433360588716e-05
state_dep_nonlinear_gain,H_target_6,target,RawMemoryOutcomeTableFull,0.9975,19368,5.1502478314745974e-05
state_dep_nonlinear_gain,H_target_6,target,PrototypeOutcomeTable,0.9975,19800,5.0378787878787884e-05
state_dep_nonlinear_gain,H_target_7,target,AEPCompressor,0.995,66532,1.495520952323694e-05
state_dep_nonlinear_gain,H_target_7,target,ResidualCompressor,0.9975,48920,2.0390433360588716e-05
state_dep_nonlinear_gain,H_target_7,target,RawMemoryOutcomeTableFull,0.9975,19368,5.1502478314745974e-05
state_dep_nonlinear_gain,H_target_7,target,PrototypeOutcomeTable,0.9975,19800,5.0378787878787884e-05
state_dep_nonlinear_gain,H_target_8,target,AEPCompressor,0.985,66532,1.4804905909938074e-05
state_dep_nonlinear_gain,H_target_8,target,ResidualCompressor,0.98,48920,2.0032706459525757e-05
state_dep_nonlinear_gain,H_target_8,target,RawMemoryOutcomeTableFull,0.9575,19368,4.9437216026435355e-05
state_dep_nonlinear_gain,H_target_8,target,PrototypeOutcomeTable,0.9575,19800,4.835858585858586e-05
state_dep_nonlinear_gain,H_target_9,target,AEPCompressor,0.655,66532,9.844886671075572e-06
state_dep_nonlinear_gain,H_target_9,target,ResidualCompressor,0.6225,48920,1.2724856909239576e-05
state_dep_nonlinear_gain,H_target_9,target,RawMemoryOutcomeTableFull,0.415,19368,2.1427096241222633e-05
state_dep_nonlinear_gain,H_target_9,target,PrototypeOutcomeTable,0.4125,19800,2.0833333333333333e-05
state_dep_nonlinear_gain,H_target_10,target,AEPCompressor,0.9975,66532,1.4992785426561656e-05
state_dep_nonlinear_gain,H_target_10,target,ResidualCompressor,0.995,48920,2.0339329517579723e-05
state_dep_nonlinear_gain,H_target_10,target,RawMemoryOutcomeTableFull,0.995,19368,5.137339942172656e-05
state_dep_nonlinear_gain,H_target_10,target,PrototypeOutcomeTable,0.995,19800,5.025252525252525e-05
state_dep_nonlinear_gain,H_piecewise_15,piecewise,AEPCompressor,0.755,66532,1.134792280406421e-05
state_dep_nonlinear_gain,H_piecewise_15,piecewise,ResidualCompressor,0.71,48920,1.4513491414554373e-05
state_dep_nonlinear_gain,H_piecewise_15,piecewise,RawMemoryOutcomeTableFull,0.5125,19368,2.6461173068979757e-05
state_dep_nonlinear_gain,H_piecewise_15,piecewise,PrototypeOutcomeTable,0.485,19800,2.4494949494949495e-05
state_dep_nonlinear_gain,H_piecewise_18,piecewise,AEPCompressor,0.7525,66532,1.1310346900739493e-05
state_dep_nonlinear_gain,H_piecewise_18,piecewise,ResidualCompressor,0.7075,48920,1.4462387571545381e-05
state_dep_nonlinear_gain,H_piecewise_18,piecewise,RawMemoryOutcomeTableFull,0.51,19368,2.6332094175960346e-05
state_dep_nonlinear_gain,H_piecewise_18,piecewise,PrototypeOutcomeTable,0.4825,19800,2.4368686868686868e-05
state_dep_nonlinear_gain,H_multiobj_24,multiobj,AEPCompressor,1.0,66532,1.503036132988637e-05
state_dep_nonlinear_gain,H_multiobj_24,multiobj,ResidualCompressor,1.0,48920,2.044153720359771e-05
state_dep_nonlinear_gain,H_multiobj_24,multiobj,RawMemoryOutcomeTableFull,1.0,19368,5.163155720776539e-05
state_dep_nonlinear_gain,H_multiobj_24,multiobj,PrototypeOutcomeTable,1.0,19800,5.0505050505050505e-05
delayed_action_effect,H_linear_2,linear,AEPCompressor,0.995,66532,1.495520952323694e-05
delayed_action_effect,H_linear_2,linear,ResidualCompressor,0.9975,48920,2.0390433360588716e-05
delayed_action_effect,H_linear_2,linear,RawMemoryOutcomeTableFull,0.99,19368,5.111524163568773e-05
delayed_action_effect,H_linear_2,linear,PrototypeOutcomeTable,0.99,19800,5e-05
delayed_action_effect,H_linear_4,linear,AEPCompressor,0.9875,66532,1.4842481813262791e-05
delayed_action_effect,H_linear_4,linear,ResidualCompressor,0.9925,48920,2.028822567457073e-05
delayed_action_effect,H_linear_4,linear,RawMemoryOutcomeTableFull,0.9875,19368,5.098616274266832e-05
delayed_action_effect,H_linear_4,linear,PrototypeOutcomeTable,0.9875,19800,4.9873737373737375e-05
delayed_action_effect,H_linear_5,linear,AEPCompressor,0.9475,66532,1.4241267360067336e-05
delayed_action_effect,H_linear_5,linear,ResidualCompressor,0.9575,48920,1.9572771872444807e-05
delayed_action_effect,H_linear_5,linear,RawMemoryOutcomeTableFull,0.9575,19368,4.9437216026435355e-05
delayed_action_effect,H_linear_5,linear,PrototypeOutcomeTable,0.9575,19800,4.835858585858586e-05
delayed_action_effect,H_target_7,target,AEPCompressor,1.0,66532,1.503036132988637e-05
delayed_action_effect,H_target_7,target,ResidualCompressor,1.0,48920,2.044153720359771e-05
delayed_action_effect,H_target_7,target,RawMemoryOutcomeTableFull,1.0,19368,5.163155720776539e-05
delayed_action_effect,H_target_7,target,PrototypeOutcomeTable,1.0,19800,5.0505050505050505e-05
delayed_action_effect,H_target_9,target,AEPCompressor,0.4975,66532,7.47760476161847e-06
delayed_action_effect,H_target_9,target,ResidualCompressor,0.5,48920,1.0220768601798855e-05
delayed_action_effect,H_target_9,target,RawMemoryOutcomeTableFull,0.4625,19368,2.3879595208591493e-05
delayed_action_effect,H_target_9,target,PrototypeOutcomeTable,0.44,19800,2.2222222222222223e-05
delayed_action_effect,H_target_10,target,AEPCompressor,1.0,66532,1.503036132988637e-05
delayed_action_effect,H_target_10,target,ResidualCompressor,0.995,48920,2.0339329517579723e-05
delayed_action_effect,H_target_10,target,RawMemoryOutcomeTableFull,1.0,19368,5.163155720776539e-05
delayed_action_effect,H_target_10,target,PrototypeOutcomeTable,1.0,19800,5.0505050505050505e-05
delayed_action_effect,H_piecewise_15,piecewise,AEPCompressor,0.64,66532,9.619431251127277e-06
delayed_action_effect,H_piecewise_15,piecewise,ResidualCompressor,0.6275,48920,1.2827064595257562e-05
delayed_action_effect,H_piecewise_15,piecewise,RawMemoryOutcomeTableFull,0.5275,19368,2.723564642709624e-05
delayed_action_effect,H_piecewise_15,piecewise,PrototypeOutcomeTable,0.5325,19800,2.689393939393939e-05
delayed_action_effect,H_piecewise_18,piecewise,AEPCompressor,0.64,66532,9.619431251127277e-06
delayed_action_effect,H_piecewise_18,piecewise,ResidualCompressor,0.625,48920,1.277596075224857e-05
delayed_action_effect,H_piecewise_18,piecewise,RawMemoryOutcomeTableFull,0.5275,19368,2.723564642709624e-05
delayed_action_effect,H_piecewise_18,piecewise,PrototypeOutcomeTable,0.5325,19800,2.689393939393939e-05
delayed_action_effect,H_multiobj_24,multiobj,AEPCompressor,1.0,66532,1.503036132988637e-05
delayed_action_effect,H_multiobj_24,multiobj,ResidualCompressor,1.0,48920,2.044153720359771e-05
delayed_action_effect,H_multiobj_24,multiobj,RawMemoryOutcomeTableFull,1.0,19368,5.163155720776539e-05
delayed_action_effect,H_multiobj_24,multiobj,PrototypeOutcomeTable,1.0,19800,5.0505050505050505e-05
action_velocity_interaction,H_linear_0,linear,AEPCompressor,0.9675,66532,1.4541874586665064e-05
action_velocity_interaction,H_linear_0,linear,ResidualCompressor,0.9725,48920,1.9879394930498773e-05
action_velocity_interaction,H_linear_0,linear,RawMemoryOutcomeTableFull,0.9675,19368,4.995353159851301e-05
action_velocity_interaction,H_linear_0,linear,PrototypeOutcomeTable,0.9675,19800,4.886363636363636e-05
action_velocity_interaction,H_linear_1,linear,AEPCompressor,0.9725,66532,1.4617026393314496e-05
action_velocity_interaction,H_linear_1,linear,ResidualCompressor,0.9725,48920,1.9879394930498773e-05
action_velocity_interaction,H_linear_1,linear,RawMemoryOutcomeTableFull,0.975,19368,5.034076827757125e-05
action_velocity_interaction,H_linear_1,linear,PrototypeOutcomeTable,0.9725,19800,4.911616161616162e-05
action_velocity_interaction,H_linear_2,linear,AEPCompressor,0.98,66532,1.4729754103288643e-05
action_velocity_interaction,H_linear_2,linear,ResidualCompressor,0.9825,48920,2.008381030253475e-05
action_velocity_interaction,H_linear_2,linear,RawMemoryOutcomeTableFull,0.985,19368,5.08570838496489e-05
action_velocity_interaction,H_linear_2,linear,PrototypeOutcomeTable,0.985,19800,4.974747474747475e-05
action_velocity_interaction,H_linear_3,linear,AEPCompressor,0.9725,66532,1.4617026393314496e-05
action_velocity_interaction,H_linear_3,linear,ResidualCompressor,0.9725,48920,1.9879394930498773e-05
action_velocity_interaction,H_linear_3,linear,RawMemoryOutcomeTableFull,0.97,19368,5.008261049153242e-05
action_velocity_interaction,H_linear_3,linear,PrototypeOutcomeTable,0.9575,19800,4.835858585858586e-05
action_velocity_interaction,H_linear_4,linear,AEPCompressor,0.9775,66532,1.4692178199963928e-05
action_velocity_interaction,H_linear_4,linear,ResidualCompressor,0.98,48920,2.0032706459525757e-05
action_velocity_interaction,H_linear_4,linear,RawMemoryOutcomeTableFull,0.9825,19368,5.0728004956629494e-05
action_velocity_interaction,H_linear_4,linear,PrototypeOutcomeTable,0.975,19800,4.924242424242424e-05
action_velocity_interaction,H_linear_5,linear,AEPCompressor,0.8975,66532,1.3489749293573017e-05
action_velocity_interaction,H_linear_5,linear,ResidualCompressor,0.9075,48920,1.8550695012264923e-05
action_velocity_interaction,H_linear_5,linear,RawMemoryOutcomeTableFull,0.905,19368,4.6726559273027676e-05
action_velocity_interaction,H_linear_5,linear,PrototypeOutcomeTable,0.9125,19800,4.608585858585858e-05
action_velocity_interaction,H_target_6,target,AEPCompressor,0.995,66532,1.495520952323694e-05
action_velocity_interaction,H_target_6,target,ResidualCompressor,0.995,48920,2.0339329517579723e-05
action_velocity_interaction,H_target_6,target,RawMemoryOutcomeTableFull,0.9975,19368,5.1502478314745974e-05
action_velocity_interaction,H_target_6,target,PrototypeOutcomeTable,0.9975,19800,5.0378787878787884e-05
action_velocity_interaction,H_target_7,target,AEPCompressor,0.995,66532,1.495520952323694e-05
action_velocity_interaction,H_target_7,target,ResidualCompressor,0.995,48920,2.0339329517579723e-05
action_velocity_interaction,H_target_7,target,RawMemoryOutcomeTableFull,0.9975,19368,5.1502478314745974e-05
action_velocity_interaction,H_target_7,target,PrototypeOutcomeTable,0.9975,19800,5.0378787878787884e-05
action_velocity_interaction,H_target_8,target,AEPCompressor,0.96,66532,1.4429146876690914e-05
action_velocity_interaction,H_target_8,target,ResidualCompressor,0.9675,48920,1.9777187244480785e-05
action_velocity_interaction,H_target_8,target,RawMemoryOutcomeTableFull,0.95,19368,4.904997934737712e-05
action_velocity_interaction,H_target_8,target,PrototypeOutcomeTable,0.9325,19800,4.7095959595959594e-05
action_velocity_interaction,H_target_9,target,AEPCompressor,0.585,66532,8.792761377983526e-06
action_velocity_interaction,H_target_9,target,ResidualCompressor,0.595,48920,1.2162714636140637e-05
action_velocity_interaction,H_target_9,target,RawMemoryOutcomeTableFull,0.4775,19368,2.465406856670797e-05
action_velocity_interaction,H_target_9,target,PrototypeOutcomeTable,0.42,19800,2.121212121212121e-05
action_velocity_interaction,H_target_10,target,AEPCompressor,0.9875,66532,1.4842481813262791e-05
action_velocity_interaction,H_target_10,target,ResidualCompressor,0.99,48920,2.0237121831561732e-05
action_velocity_interaction,H_target_10,target,RawMemoryOutcomeTableFull,0.9925,19368,5.1244320528707145e-05
action_velocity_interaction,H_target_10,target,PrototypeOutcomeTable,0.9925,19800,5.012626262626263e-05
action_velocity_interaction,H_piecewise_15,piecewise,AEPCompressor,0.5975,66532,8.980640894607106e-06
action_velocity_interaction,H_piecewise_15,piecewise,ResidualCompressor,0.63,48920,1.2878168438266557e-05
action_velocity_interaction,H_piecewise_15,piecewise,RawMemoryOutcomeTableFull,0.51,19368,2.6332094175960346e-05
action_velocity_interaction,H_piecewise_15,piecewise,PrototypeOutcomeTable,0.5225,19800,2.638888888888889e-05
action_velocity_interaction,H_piecewise_16,piecewise,AEPCompressor,0.8,66532,1.2024289063909098e-05
action_velocity_interaction,H_piecewise_16,piecewise,ResidualCompressor,0.79,48920,1.6148814390842193e-05
action_velocity_interaction,H_piecewise_16,piecewise,RawMemoryOutcomeTableFull,0.8325,19368,4.298327137546469e-05
action_velocity_interaction,H_piecewise_16,piecewise,PrototypeOutcomeTable,0.8225,19800,4.154040404040404e-05
action_velocity_interaction,H_piecewise_18,piecewise,AEPCompressor,0.6,66532,9.018216797931821e-06
action_velocity_interaction,H_piecewise_18,piecewise,ResidualCompressor,0.6225,48920,1.2724856909239576e-05
action_velocity_interaction,H_piecewise_18,piecewise,RawMemoryOutcomeTableFull,0.505,19368,2.607393638992152e-05
action_velocity_interaction,H_piecewise_18,piecewise,PrototypeOutcomeTable,0.5225,19800,2.638888888888889e-05
action_velocity_interaction,H_multiobj_24,multiobj,AEPCompressor,1.0,66532,1.503036132988637e-05
action_velocity_interaction,H_multiobj_24,multiobj,ResidualCompressor,1.0,48920,2.044153720359771e-05
action_velocity_interaction,H_multiobj_24,multiobj,RawMemoryOutcomeTableFull,1.0,19368,5.163155720776539e-05
action_velocity_interaction,H_multiobj_24,multiobj,PrototypeOutcomeTable,1.0,19800,5.0505050505050505e-05
piecewise_action_map,H_linear_0,linear,AEPCompressor,0.94,66532,1.4128539650093188e-05
piecewise_action_map,H_linear_0,linear,ResidualCompressor,0.9425,48920,1.926614881439084e-05
piecewise_action_map,H_linear_0,linear,RawMemoryOutcomeTableFull,0.8925,19368,4.60811648079306e-05
piecewise_action_map,H_linear_0,linear,PrototypeOutcomeTable,0.895,19800,4.5202020202020204e-05
piecewise_action_map,H_linear_1,linear,AEPCompressor,0.9425,66532,1.4166115553417905e-05
piecewise_action_map,H_linear_1,linear,ResidualCompressor,0.955,48920,1.9521668029435813e-05
piecewise_action_map,H_linear_1,linear,RawMemoryOutcomeTableFull,0.9075,19368,4.6855638166047084e-05
piecewise_action_map,H_linear_1,linear,PrototypeOutcomeTable,0.91,19800,4.595959595959596e-05
piecewise_action_map,H_linear_2,linear,AEPCompressor,0.945,66532,1.420369145674262e-05
piecewise_action_map,H_linear_2,linear,ResidualCompressor,0.96,48920,1.96238757154538e-05
piecewise_action_map,H_linear_2,linear,RawMemoryOutcomeTableFull,0.92,19368,4.7501032631144157e-05
piecewise_action_map,H_linear_2,linear,PrototypeOutcomeTable,0.9225,19800,4.659090909090909e-05
piecewise_action_map,H_linear_3,linear,AEPCompressor,0.9375,66532,1.4090963746768473e-05
piecewise_action_map,H_linear_3,linear,ResidualCompressor,0.96,48920,1.96238757154538e-05
piecewise_action_map,H_linear_3,linear,RawMemoryOutcomeTableFull,0.9025,19368,4.659748038000826e-05
piecewise_action_map,H_linear_3,linear,PrototypeOutcomeTable,0.905,19800,4.5707070707070706e-05
piecewise_action_map,H_linear_4,linear,AEPCompressor,0.9775,66532,1.4692178199963928e-05
piecewise_action_map,H_linear_4,linear,ResidualCompressor,0.9775,48920,1.9981602616516763e-05
piecewise_action_map,H_linear_4,linear,RawMemoryOutcomeTableFull,0.9275,19368,4.7888269310202394e-05
piecewise_action_map,H_linear_4,linear,PrototypeOutcomeTable,0.94,19800,4.747474747474747e-05
piecewise_action_map,H_linear_5,linear,AEPCompressor,0.8825,66532,1.3264293873624722e-05
piecewise_action_map,H_linear_5,linear,ResidualCompressor,0.9025,48920,1.8448487326246933e-05
piecewise_action_map,H_linear_5,linear,RawMemoryOutcomeTableFull,0.7975,19368,4.11761668731929e-05
piecewise_action_map,H_linear_5,linear,PrototypeOutcomeTable,0.7875,19800,3.977272727272727e-05
piecewise_action_map,H_target_6,target,AEPCompressor,0.98,66532,1.4729754103288643e-05
piecewise_action_map,H_target_6,target,ResidualCompressor,0.98,48920,2.0032706459525757e-05
piecewise_action_map,H_target_6,target,RawMemoryOutcomeTableFull,0.9775,19368,5.0469847170590665e-05
piecewise_action_map,H_target_6,target,PrototypeOutcomeTable,0.9775,19800,4.936868686868687e-05
piecewise_action_map,H_target_7,target,AEPCompressor,0.9725,66532,1.4617026393314496e-05
piecewise_action_map,H_target_7,target,ResidualCompressor,0.9775,48920,1.9981602616516763e-05
piecewise_action_map,H_target_7,target,RawMemoryOutcomeTableFull,0.9625,19368,4.9695373812474184e-05
piecewise_action_map,H_target_7,target,PrototypeOutcomeTable,0.9625,19800,4.8611111111111115e-05
piecewise_action_map,H_target_8,target,AEPCompressor,0.9375,66532,1.4090963746768473e-05
piecewise_action_map,H_target_8,target,ResidualCompressor,0.95,48920,1.9419460343417823e-05
piecewise_action_map,H_target_8,target,RawMemoryOutcomeTableFull,0.865,19368,4.4661296984717056e-05
piecewise_action_map,H_target_8,target,PrototypeOutcomeTable,0.865,19800,4.368686868686869e-05
piecewise_action_map,H_target_9,target,AEPCompressor,0.71,66532,1.0671556544219322e-05
piecewise_action_map,H_target_9,target,ResidualCompressor,0.7025,48920,1.4360179885527392e-05
piecewise_action_map,H_target_9,target,RawMemoryOutcomeTableFull,0.56,19368,2.891367203634862e-05
piecewise_action_map,H_target_9,target,PrototypeOutcomeTable,0.5725,19800,2.8914141414141415e-05
piecewise_action_map,H_target_10,target,AEPCompressor,0.99,66532,1.4880057716587506e-05
piecewise_action_map,H_target_10,target,ResidualCompressor,0.99,48920,2.0237121831561732e-05
piecewise_action_map,H_target_10,target,RawMemoryOutcomeTableFull,0.945,19368,4.879182156133829e-05
piecewise_action_map,H_target_10,target,PrototypeOutcomeTable,0.945,19800,4.7727272727272724e-05
piecewise_action_map,H_piecewise_15,piecewise,AEPCompressor,0.7475,66532,1.1235195094090063e-05
piecewise_action_map,H_piecewise_15,piecewise,ResidualCompressor,0.7575,48920,1.5484464431725265e-05
piecewise_action_map,H_piecewise_15,piecewise,RawMemoryOutcomeTableFull,0.4975,19368,2.568669971086328e-05
piecewise_action_map,H_piecewise_15,piecewise,PrototypeOutcomeTable,0.5075,19800,2.5631313131313128e-05
piecewise_action_map,H_piecewise_16,piecewise,AEPCompressor,0.5525,66532,8.30427463476222e-06
piecewise_action_map,H_piecewise_16,piecewise,ResidualCompressor,0.6425,48920,1.3133687653311529e-05
piecewise_action_map,H_piecewise_16,piecewise,RawMemoryOutcomeTableFull,0.1825,19368,9.422759190417183e-06
piecewise_action_map,H_piecewise_16,piecewise,PrototypeOutcomeTable,0.1825,19800,9.217171717171717e-06
piecewise_action_map,H_piecewise_18,piecewise,AEPCompressor,0.7575,66532,1.1385498707388925e-05
piecewise_action_map,H_piecewise_18,piecewise,ResidualCompressor,0.7675,48920,1.5688879803761243e-05
piecewise_action_map,H_piecewise_18,piecewise,RawMemoryOutcomeTableFull,0.495,19368,2.5557620817843865e-05
piecewise_action_map,H_piecewise_18,piecewise,PrototypeOutcomeTable,0.505,19800,2.5505050505050504e-05
piecewise_action_map,H_multiobj_24,multiobj,AEPCompressor,1.0,66532,1.503036132988637e-05
piecewise_action_map,H_multiobj_24,multiobj,ResidualCompressor,1.0,48920,2.044153720359771e-05
piecewise_action_map,H_multiobj_24,multiobj,RawMemoryOutcomeTableFull,1.0,19368,5.163155720776539e-05
piecewise_action_map,H_multiobj_24,multiobj,PrototypeOutcomeTable,1.0,19800,5.0505050505050505e-05
compositional_action_factors,H_linear_0,linear,AEPCompressor,0.975,66532,1.4654602296639211e-05
compositional_action_factors,H_linear_0,linear,ResidualCompressor,0.9775,48920,1.9981602616516763e-05
compositional_action_factors,H_linear_0,linear,RawMemoryOutcomeTableFull,0.9425,19368,4.8662742668318874e-05
compositional_action_factors,H_linear_0,linear,PrototypeOutcomeTable,0.9425,19800,4.76010101010101e-05
compositional_action_factors,H_linear_1,linear,AEPCompressor,0.9725,66532,1.4617026393314496e-05
compositional_action_factors,H_linear_1,linear,ResidualCompressor,0.975,48920,1.9930498773507766e-05
compositional_action_factors,H_linear_1,linear,RawMemoryOutcomeTableFull,0.945,19368,4.879182156133829e-05
compositional_action_factors,H_linear_1,linear,PrototypeOutcomeTable,0.945,19800,4.7727272727272724e-05
compositional_action_factors,H_linear_2,linear,AEPCompressor,0.9825,66532,1.476733000661336e-05
compositional_action_factors,H_linear_2,linear,ResidualCompressor,0.98,48920,2.0032706459525757e-05
compositional_action_factors,H_linear_2,linear,RawMemoryOutcomeTableFull,0.96,19368,4.956629491945477e-05
compositional_action_factors,H_linear_2,linear,PrototypeOutcomeTable,0.96,19800,4.848484848484848e-05
compositional_action_factors,H_linear_3,linear,AEPCompressor,0.96,66532,1.4429146876690914e-05
compositional_action_factors,H_linear_3,linear,ResidualCompressor,0.9775,48920,1.9981602616516763e-05
compositional_action_factors,H_linear_3,linear,RawMemoryOutcomeTableFull,0.94,19368,4.853366377529946e-05
compositional_action_factors,H_linear_3,linear,PrototypeOutcomeTable,0.94,19800,4.747474747474747e-05
compositional_action_factors,H_linear_4,linear,AEPCompressor,0.9925,66532,1.4917633619912224e-05
compositional_action_factors,H_linear_4,linear,ResidualCompressor,0.99,48920,2.0237121831561732e-05
compositional_action_factors,H_linear_4,linear,RawMemoryOutcomeTableFull,0.95,19368,4.904997934737712e-05
compositional_action_factors,H_linear_4,linear,PrototypeOutcomeTable,0.95,19800,4.797979797979798e-05
compositional_action_factors,H_linear_5,linear,AEPCompressor,0.8975,66532,1.3489749293573017e-05
compositional_action_factors,H_linear_5,linear,ResidualCompressor,0.905,48920,1.849959116925593e-05
compositional_action_factors,H_linear_5,linear,RawMemoryOutcomeTableFull,0.88,19368,4.543577034283354e-05
compositional_action_factors,H_linear_5,linear,PrototypeOutcomeTable,0.865,19800,4.368686868686869e-05
compositional_action_factors,H_target_6,target,AEPCompressor,0.995,66532,1.495520952323694e-05
compositional_action_factors,H_target_6,target,ResidualCompressor,0.9975,48920,2.0390433360588716e-05
compositional_action_factors,H_target_6,target,RawMemoryOutcomeTableFull,0.9925,19368,5.1244320528707145e-05
compositional_action_factors,H_target_6,target,PrototypeOutcomeTable,0.9925,19800,5.012626262626263e-05
compositional_action_factors,H_target_7,target,AEPCompressor,0.985,66532,1.4804905909938074e-05
compositional_action_factors,H_target_7,target,ResidualCompressor,0.9925,48920,2.028822567457073e-05
compositional_action_factors,H_target_7,target,RawMemoryOutcomeTableFull,0.9875,19368,5.098616274266832e-05
compositional_action_factors,H_target_7,target,PrototypeOutcomeTable,0.9875,19800,4.9873737373737375e-05
compositional_action_factors,H_target_8,target,AEPCompressor,0.9575,66532,1.43915709733662e-05
compositional_action_factors,H_target_8,target,ResidualCompressor,0.9625,48920,1.9674979558462798e-05
compositional_action_factors,H_target_8,target,RawMemoryOutcomeTableFull,0.93,19368,4.8017348203221815e-05
compositional_action_factors,H_target_8,target,PrototypeOutcomeTable,0.9275,19800,4.6843434343434346e-05
compositional_action_factors,H_target_9,target,AEPCompressor,0.6125,66532,9.206096314555403e-06
compositional_action_factors,H_target_9,target,ResidualCompressor,0.605,48920,1.2367130008176615e-05
compositional_action_factors,H_target_9,target,RawMemoryOutcomeTableFull,0.48,19368,2.4783147459727385e-05
compositional_action_factors,H_target_9,target,PrototypeOutcomeTable,0.45,19800,2.272727272727273e-05
compositional_action_factors,H_target_10,target,AEPCompressor,0.995,66532,1.495520952323694e-05
compositional_action_factors,H_target_10,target,ResidualCompressor,0.9975,48920,2.0390433360588716e-05
compositional_action_factors,H_target_10,target,RawMemoryOutcomeTableFull,0.975,19368,5.034076827757125e-05
compositional_action_factors,H_target_10,target,PrototypeOutcomeTable,0.975,19800,4.924242424242424e-05
compositional_action_factors,H_piecewise_15,piecewise,AEPCompressor,0.7,66532,1.0521252930920459e-05
compositional_action_factors,H_piecewise_15,piecewise,ResidualCompressor,0.7025,48920,1.4360179885527392e-05
compositional_action_factors,H_piecewise_15,piecewise,RawMemoryOutcomeTableFull,0.52,19368,2.6848409748038e-05
compositional_action_factors,H_piecewise_15,piecewise,PrototypeOutcomeTable,0.52,19800,2.6262626262626265e-05
compositional_action_factors,H_piecewise_16,piecewise,AEPCompressor,0.5575,66532,8.379426441411652e-06
compositional_action_factors,H_piecewise_16,piecewise,ResidualCompressor,0.495,48920,1.0118560915780866e-05
compositional_action_factors,H_piecewise_16,piecewise,RawMemoryOutcomeTableFull,0.2725,19368,1.4069599339116068e-05
compositional_action_factors,H_piecewise_16,piecewise,PrototypeOutcomeTable,0.275,19800,1.388888888888889e-05
compositional_action_factors,H_piecewise_18,piecewise,AEPCompressor,0.6925,66532,1.0408525220946312e-05
compositional_action_factors,H_piecewise_18,piecewise,ResidualCompressor,0.6975,48920,1.4257972199509403e-05
compositional_action_factors,H_piecewise_18,piecewise,RawMemoryOutcomeTableFull,0.515,19368,2.6590251961999175e-05
compositional_action_factors,H_piecewise_18,piecewise,PrototypeOutcomeTable,0.525,19800,2.6515151515151516e-05
compositional_action_factors,H_multiobj_24,multiobj,AEPCompressor,1.0,66532,1.503036132988637e-05
compositional_action_factors,H_multiobj_24,multiobj,ResidualCompressor,1.0,48920,2.044153720359771e-05
compositional_action_factors,H_multiobj_24,multiobj,RawMemoryOutcomeTableFull,1.0,19368,5.163155720776539e-05
compositional_action_factors,H_multiobj_24,multiobj,PrototypeOutcomeTable,1.0,19800,5.0505050505050505e-05
