capital_id,capital_type,field_index,field_name,provided,default_value,status,dimension
PolicyClone,PolicyCloneCapital,0,recommended_action,default,0,MISSING_DEFAULT,capital_0_field_0
PolicyClone,PolicyCloneCapital,1,predicted_utility,default,0,MISSING_DEFAULT,capital_0_field_1
PolicyClone,PolicyCloneCapital,2,recent_prediction_error,computed,N/A,OK,capital_0_field_2
PolicyClone,PolicyCloneCapital,3,recent_regret,computed,N/A,OK,capital_0_field_3
PolicyClone,PolicyCloneCapital,4,confidence,computed,N/A,OK,capital_0_field_4
PolicyClone,PolicyCloneCapital,5,calibration_error,computed,N/A,OK,capital_0_field_5
PolicyClone,PolicyCloneCapital,6,realized_utility,computed,N/A,OK,capital_0_field_6
PolicyClone,PolicyCloneCapital,7,realization_rate,default,0,MISSING_DEFAULT,capital_0_field_7
PolicyClone,PolicyCloneCapital,8,capital_local_ood_score,default,0,MISSING_DEFAULT,capital_0_field_8
PolicyClone,PolicyCloneCapital,9,nearest_support_distance,default,0,MISSING_DEFAULT,capital_0_field_9
PolicyClone,PolicyCloneCapital,10,inference_cost,computed,N/A,OK,capital_0_field_10
PolicyClone,PolicyCloneCapital,11,update_cost,computed,N/A,OK,capital_0_field_11
PolicyClone,PolicyCloneCapital,12,storage_cost,computed,N/A,OK,capital_0_field_12
PolicyClone,PolicyCloneCapital,13,probe_cost,default,0,MISSING_DEFAULT,capital_0_field_13
PolicyClone,PolicyCloneCapital,14,goal_shift_score,default,0,MISSING_DEFAULT,capital_0_field_14
PolicyClone,PolicyCloneCapital,15,transfer_success_rate,default,0,MISSING_DEFAULT,capital_0_field_15
PolicyClone,PolicyCloneCapital,16,recent_transfer_regret,default,0,MISSING_DEFAULT,capital_0_field_16
PolicyClone,PolicyCloneCapital,17,expected_probe_value,default,0,MISSING_DEFAULT,capital_0_field_17
PolicyClone,PolicyCloneCapital,18,uncertainty_reduction_if_probe,default,0,MISSING_DEFAULT,capital_0_field_18
PolicyClone,PolicyCloneCapital,19,capital_age,default,0,MISSING_DEFAULT,capital_0_field_19
PolicyClone,PolicyCloneCapital,20,depreciation_score,default,0,MISSING_DEFAULT,capital_0_field_20
PolicyClone,PolicyCloneCapital,21,bad_debt_score,default,0,MISSING_DEFAULT,capital_0_field_21
PolicyClone,PolicyCloneCapital,22,impairment_flag,default,0,MISSING_DEFAULT,capital_0_field_22
PrototypeOutcome,PrototypeOutcomeCapital,0,recommended_action,default,0,MISSING_DEFAULT,capital_1_field_0
PrototypeOutcome,PrototypeOutcomeCapital,1,predicted_utility,default,0,MISSING_DEFAULT,capital_1_field_1
PrototypeOutcome,PrototypeOutcomeCapital,2,recent_prediction_error,computed,N/A,OK,capital_1_field_2
PrototypeOutcome,PrototypeOutcomeCapital,3,recent_regret,computed,N/A,OK,capital_1_field_3
PrototypeOutcome,PrototypeOutcomeCapital,4,confidence,computed,N/A,OK,capital_1_field_4
PrototypeOutcome,PrototypeOutcomeCapital,5,calibration_error,default,0,MISSING_DEFAULT,capital_1_field_5
PrototypeOutcome,PrototypeOutcomeCapital,6,realized_utility,computed,N/A,OK,capital_1_field_6
PrototypeOutcome,PrototypeOutcomeCapital,7,realization_rate,default,0,MISSING_DEFAULT,capital_1_field_7
PrototypeOutcome,PrototypeOutcomeCapital,8,capital_local_ood_score,computed,N/A,OK,capital_1_field_8
PrototypeOutcome,PrototypeOutcomeCapital,9,nearest_support_distance,computed,N/A,OK,capital_1_field_9
PrototypeOutcome,PrototypeOutcomeCapital,10,inference_cost,computed,N/A,OK,capital_1_field_10
PrototypeOutcome,PrototypeOutcomeCapital,11,update_cost,computed,N/A,OK,capital_1_field_11
PrototypeOutcome,PrototypeOutcomeCapital,12,storage_cost,computed,N/A,OK,capital_1_field_12
PrototypeOutcome,PrototypeOutcomeCapital,13,probe_cost,default,0,MISSING_DEFAULT,capital_1_field_13
PrototypeOutcome,PrototypeOutcomeCapital,14,goal_shift_score,default,0,MISSING_DEFAULT,capital_1_field_14
PrototypeOutcome,PrototypeOutcomeCapital,15,transfer_success_rate,default,0,MISSING_DEFAULT,capital_1_field_15
PrototypeOutcome,PrototypeOutcomeCapital,16,recent_transfer_regret,default,0,MISSING_DEFAULT,capital_1_field_16
PrototypeOutcome,PrototypeOutcomeCapital,17,expected_probe_value,default,0,MISSING_DEFAULT,capital_1_field_17
PrototypeOutcome,PrototypeOutcomeCapital,18,uncertainty_reduction_if_probe,default,0,MISSING_DEFAULT,capital_1_field_18
PrototypeOutcome,PrototypeOutcomeCapital,19,capital_age,default,0,MISSING_DEFAULT,capital_1_field_19
PrototypeOutcome,PrototypeOutcomeCapital,20,depreciation_score,default,0,MISSING_DEFAULT,capital_1_field_20
PrototypeOutcome,PrototypeOutcomeCapital,21,bad_debt_score,default,0,MISSING_DEFAULT,capital_1_field_21
PrototypeOutcome,PrototypeOutcomeCapital,22,impairment_flag,default,0,MISSING_DEFAULT,capital_1_field_22
AEP,AEPCapital,0,recommended_action,default,0,MISSING_DEFAULT,capital_2_field_0
AEP,AEPCapital,1,predicted_utility,default,0,MISSING_DEFAULT,capital_2_field_1
AEP,AEPCapital,2,recent_prediction_error,computed,N/A,OK,capital_2_field_2
AEP,AEPCapital,3,recent_regret,computed,N/A,OK,capital_2_field_3
AEP,AEPCapital,4,confidence,computed,N/A,OK,capital_2_field_4
AEP,AEPCapital,5,calibration_error,default,0,MISSING_DEFAULT,capital_2_field_5
AEP,AEPCapital,6,realized_utility,computed,N/A,OK,capital_2_field_6
AEP,AEPCapital,7,realization_rate,default,0,MISSING_DEFAULT,capital_2_field_7
AEP,AEPCapital,8,capital_local_ood_score,computed,N/A,OK,capital_2_field_8
AEP,AEPCapital,9,nearest_support_distance,computed,N/A,OK,capital_2_field_9
AEP,AEPCapital,10,inference_cost,computed,N/A,OK,capital_2_field_10
AEP,AEPCapital,11,update_cost,computed,N/A,OK,capital_2_field_11
AEP,AEPCapital,12,storage_cost,computed,N/A,OK,capital_2_field_12
AEP,AEPCapital,13,probe_cost,default,0,MISSING_DEFAULT,capital_2_field_13
AEP,AEPCapital,14,goal_shift_score,default,0,MISSING_DEFAULT,capital_2_field_14
AEP,AEPCapital,15,transfer_success_rate,default,0,MISSING_DEFAULT,capital_2_field_15
AEP,AEPCapital,16,recent_transfer_regret,default,0,MISSING_DEFAULT,capital_2_field_16
AEP,AEPCapital,17,expected_probe_value,computed,N/A,OK,capital_2_field_17
AEP,AEPCapital,18,uncertainty_reduction_if_probe,default,0,MISSING_DEFAULT,capital_2_field_18
AEP,AEPCapital,19,capital_age,default,0,MISSING_DEFAULT,capital_2_field_19
AEP,AEPCapital,20,depreciation_score,default,0,MISSING_DEFAULT,capital_2_field_20
AEP,AEPCapital,21,bad_debt_score,default,0,MISSING_DEFAULT,capital_2_field_21
AEP,AEPCapital,22,impairment_flag,default,0,MISSING_DEFAULT,capital_2_field_22
GoalInference,GoalInferenceCapital,0,recommended_action,default,0,MISSING_DEFAULT,capital_3_field_0
GoalInference,GoalInferenceCapital,1,predicted_utility,default,0,MISSING_DEFAULT,capital_3_field_1
GoalInference,GoalInferenceCapital,2,recent_prediction_error,computed,N/A,OK,capital_3_field_2
GoalInference,GoalInferenceCapital,3,recent_regret,computed,N/A,OK,capital_3_field_3
GoalInference,GoalInferenceCapital,4,confidence,computed,N/A,OK,capital_3_field_4
GoalInference,GoalInferenceCapital,5,calibration_error,default,0,MISSING_DEFAULT,capital_3_field_5
GoalInference,GoalInferenceCapital,6,realized_utility,computed,N/A,OK,capital_3_field_6
GoalInference,GoalInferenceCapital,7,realization_rate,default,0,MISSING_DEFAULT,capital_3_field_7
GoalInference,GoalInferenceCapital,8,capital_local_ood_score,computed,N/A,OK,capital_3_field_8
GoalInference,GoalInferenceCapital,9,nearest_support_distance,default,0,MISSING_DEFAULT,capital_3_field_9
GoalInference,GoalInferenceCapital,10,inference_cost,computed,N/A,OK,capital_3_field_10
GoalInference,GoalInferenceCapital,11,update_cost,computed,N/A,OK,capital_3_field_11
GoalInference,GoalInferenceCapital,12,storage_cost,computed,N/A,OK,capital_3_field_12
GoalInference,GoalInferenceCapital,13,probe_cost,default,0,MISSING_DEFAULT,capital_3_field_13
GoalInference,GoalInferenceCapital,14,goal_shift_score,computed,N/A,OK,capital_3_field_14
GoalInference,GoalInferenceCapital,15,transfer_success_rate,computed,N/A,OK,capital_3_field_15
GoalInference,GoalInferenceCapital,16,recent_transfer_regret,default,0,MISSING_DEFAULT,capital_3_field_16
GoalInference,GoalInferenceCapital,17,expected_probe_value,computed,N/A,OK,capital_3_field_17
GoalInference,GoalInferenceCapital,18,uncertainty_reduction_if_probe,default,0,MISSING_DEFAULT,capital_3_field_18
GoalInference,GoalInferenceCapital,19,capital_age,computed,N/A,OK,capital_3_field_19
GoalInference,GoalInferenceCapital,20,depreciation_score,computed,N/A,OK,capital_3_field_20
GoalInference,GoalInferenceCapital,21,bad_debt_score,default,0,MISSING_DEFAULT,capital_3_field_21
GoalInference,GoalInferenceCapital,22,impairment_flag,computed,N/A,OK,capital_3_field_22
SafeFallback,SafeFallbackCapital,0,recommended_action,computed,N/A,OK,capital_4_field_0
SafeFallback,SafeFallbackCapital,1,predicted_utility,computed,N/A,OK,capital_4_field_1
SafeFallback,SafeFallbackCapital,2,recent_prediction_error,computed,N/A,OK,capital_4_field_2
SafeFallback,SafeFallbackCapital,3,recent_regret,computed,N/A,OK,capital_4_field_3
SafeFallback,SafeFallbackCapital,4,confidence,computed,N/A,OK,capital_4_field_4
SafeFallback,SafeFallbackCapital,5,calibration_error,computed,N/A,OK,capital_4_field_5
SafeFallback,SafeFallbackCapital,6,realized_utility,computed,N/A,OK,capital_4_field_6
SafeFallback,SafeFallbackCapital,7,realization_rate,computed,N/A,OK,capital_4_field_7
SafeFallback,SafeFallbackCapital,8,capital_local_ood_score,computed,N/A,OK,capital_4_field_8
SafeFallback,SafeFallbackCapital,9,nearest_support_distance,computed,N/A,OK,capital_4_field_9
SafeFallback,SafeFallbackCapital,10,inference_cost,computed,N/A,OK,capital_4_field_10
SafeFallback,SafeFallbackCapital,11,update_cost,computed,N/A,OK,capital_4_field_11
SafeFallback,SafeFallbackCapital,12,storage_cost,computed,N/A,OK,capital_4_field_12
SafeFallback,SafeFallbackCapital,13,probe_cost,computed,N/A,OK,capital_4_field_13
SafeFallback,SafeFallbackCapital,14,goal_shift_score,computed,N/A,OK,capital_4_field_14
SafeFallback,SafeFallbackCapital,15,transfer_success_rate,computed,N/A,OK,capital_4_field_15
SafeFallback,SafeFallbackCapital,16,recent_transfer_regret,computed,N/A,OK,capital_4_field_16
SafeFallback,SafeFallbackCapital,17,expected_probe_value,computed,N/A,OK,capital_4_field_17
SafeFallback,SafeFallbackCapital,18,uncertainty_reduction_if_probe,computed,N/A,OK,capital_4_field_18
SafeFallback,SafeFallbackCapital,19,capital_age,computed,N/A,OK,capital_4_field_19
SafeFallback,SafeFallbackCapital,20,depreciation_score,computed,N/A,OK,capital_4_field_20
SafeFallback,SafeFallbackCapital,21,bad_debt_score,computed,N/A,OK,capital_4_field_21
SafeFallback,SafeFallbackCapital,22,impairment_flag,computed,N/A,OK,capital_4_field_22
