threshold,margin,val_reward,test_reward,delta_vs_BS,switch_count,beneficial_switch_rate,harmful_switch_rate,false_switch_rate
0.5,0.0,0.6200000047683716,0.8500000238418579,0.10000002384185791,197,0.10152284263959391,0.0,0.15228426395939088
0.5,0.02,0.6200000047683716,0.8500000238418579,0.10000002384185791,197,0.10152284263959391,0.0,0.15228426395939088
0.5,0.05,0.6200000047683716,0.8500000238418579,0.10000002384185791,197,0.10152284263959391,0.0,0.15228426395939088
0.5,0.1,0.6200000047683716,0.8500000238418579,0.10000002384185791,197,0.10152284263959391,0.0,0.15228426395939088
0.6,0.0,0.6324999928474426,0.8349999785423279,0.08499997854232788,184,0.09239130434782608,0.0,0.14130434782608695
0.6,0.02,0.6324999928474426,0.8349999785423279,0.08499997854232788,184,0.09239130434782608,0.0,0.14130434782608695
0.6,0.05,0.6324999928474426,0.8349999785423279,0.08499997854232788,184,0.09239130434782608,0.0,0.14130434782608695
0.6,0.1,0.6324999928474426,0.8349999785423279,0.08499997854232788,184,0.09239130434782608,0.0,0.14130434782608695
0.7,0.0,0.6299999952316284,0.824999988079071,0.07499998807907104,171,0.08771929824561403,0.0,0.12280701754385964
0.7,0.02,0.6299999952316284,0.824999988079071,0.07499998807907104,171,0.08771929824561403,0.0,0.12280701754385964
0.7,0.05,0.6299999952316284,0.824999988079071,0.07499998807907104,171,0.08771929824561403,0.0,0.12280701754385964
0.7,0.1,0.6299999952316284,0.824999988079071,0.07499998807907104,171,0.08771929824561403,0.0,0.12280701754385964
0.8,0.0,0.625,0.800000011920929,0.050000011920928955,159,0.06289308176100629,0.0,0.12578616352201258
0.8,0.02,0.625,0.800000011920929,0.050000011920928955,159,0.06289308176100629,0.0,0.12578616352201258
0.8,0.05,0.625,0.800000011920929,0.050000011920928955,159,0.06289308176100629,0.0,0.12578616352201258
0.8,0.1,0.625,0.800000011920929,0.050000011920928955,159,0.06289308176100629,0.0,0.12578616352201258
0.9,0.0,0.6175000071525574,0.7950000166893005,0.04500001668930054,131,0.06870229007633588,0.0,0.1450381679389313
0.9,0.02,0.6175000071525574,0.7950000166893005,0.04500001668930054,131,0.06870229007633588,0.0,0.1450381679389313
0.9,0.05,0.6175000071525574,0.7950000166893005,0.04500001668930054,131,0.06870229007633588,0.0,0.1450381679389313
0.9,0.1,0.6175000071525574,0.7950000166893005,0.04500001668930054,131,0.06870229007633588,0.0,0.1450381679389313
0.5,0.0,0.5950000286102295,0.949999988079071,0.11000001430511475,200,0.125,0.015,0.05
0.5,0.02,0.5950000286102295,0.949999988079071,0.11000001430511475,200,0.125,0.015,0.05
0.5,0.05,0.5950000286102295,0.949999988079071,0.11000001430511475,200,0.125,0.015,0.05
0.5,0.1,0.5950000286102295,0.949999988079071,0.11000001430511475,200,0.125,0.015,0.05
0.6,0.0,0.5874999761581421,0.9449999928474426,0.10500001907348633,183,0.12568306010928962,0.01092896174863388,0.03278688524590164
0.6,0.02,0.5874999761581421,0.9449999928474426,0.10500001907348633,183,0.12568306010928962,0.01092896174863388,0.03278688524590164
0.6,0.05,0.5874999761581421,0.9449999928474426,0.10500001907348633,183,0.12568306010928962,0.01092896174863388,0.03278688524590164
0.6,0.1,0.5874999761581421,0.9449999928474426,0.10500001907348633,183,0.12568306010928962,0.01092896174863388,0.03278688524590164
0.7,0.0,0.5799999833106995,0.9449999928474426,0.10500001907348633,173,0.12138728323699421,0.0,0.011560693641618497
0.7,0.02,0.5799999833106995,0.9449999928474426,0.10500001907348633,173,0.12138728323699421,0.0,0.011560693641618497
0.7,0.05,0.5799999833106995,0.9449999928474426,0.10500001907348633,173,0.12138728323699421,0.0,0.011560693641618497
0.7,0.1,0.5799999833106995,0.9449999928474426,0.10500001907348633,173,0.12138728323699421,0.0,0.011560693641618497
0.8,0.0,0.574999988079071,0.9399999976158142,0.10000002384185791,167,0.11976047904191617,0.0,0.005988023952095809
0.8,0.02,0.574999988079071,0.9399999976158142,0.10000002384185791,167,0.11976047904191617,0.0,0.005988023952095809
0.8,0.05,0.574999988079071,0.9399999976158142,0.10000002384185791,167,0.11976047904191617,0.0,0.005988023952095809
0.8,0.1,0.574999988079071,0.9399999976158142,0.10000002384185791,167,0.11976047904191617,0.0,0.005988023952095809
0.9,0.0,0.5699999928474426,0.9200000166893005,0.08000004291534424,143,0.11188811188811189,0.0,0.0
0.9,0.02,0.5699999928474426,0.9200000166893005,0.08000004291534424,143,0.11188811188811189,0.0,0.0
0.9,0.05,0.5699999928474426,0.9200000166893005,0.08000004291534424,143,0.11188811188811189,0.0,0.0
0.9,0.1,0.5699999928474426,0.9200000166893005,0.08000004291534424,143,0.11188811188811189,0.0,0.0
0.5,0.0,0.7275000214576721,0.6700000166893005,0.07499998807907104,199,0.07537688442211055,0.0,0.32663316582914576
0.5,0.02,0.7275000214576721,0.6700000166893005,0.07499998807907104,199,0.07537688442211055,0.0,0.32663316582914576
0.5,0.05,0.7275000214576721,0.6700000166893005,0.07499998807907104,199,0.07537688442211055,0.0,0.32663316582914576
0.5,0.1,0.7275000214576721,0.6700000166893005,0.07499998807907104,199,0.07537688442211055,0.0,0.32663316582914576
0.6,0.0,0.7275000214576721,0.6650000214576721,0.06999999284744263,192,0.07291666666666667,0.0,0.328125
0.6,0.02,0.7275000214576721,0.6650000214576721,0.06999999284744263,192,0.07291666666666667,0.0,0.328125
0.6,0.05,0.7275000214576721,0.6650000214576721,0.06999999284744263,192,0.07291666666666667,0.0,0.328125
0.6,0.1,0.7275000214576721,0.6650000214576721,0.06999999284744263,192,0.07291666666666667,0.0,0.328125
0.7,0.0,0.7225000262260437,0.6600000262260437,0.06499999761581421,186,0.06989247311827956,0.0,0.3172043010752688
0.7,0.02,0.7225000262260437,0.6600000262260437,0.06499999761581421,186,0.06989247311827956,0.0,0.3172043010752688
0.7,0.05,0.7225000262260437,0.6600000262260437,0.06499999761581421,186,0.06989247311827956,0.0,0.3172043010752688
0.7,0.1,0.7225000262260437,0.6600000262260437,0.06499999761581421,186,0.06989247311827956,0.0,0.3172043010752688
0.8,0.0,0.7124999761581421,0.6449999809265137,0.04999995231628418,176,0.056818181818181816,0.0,0.3181818181818182
0.8,0.02,0.7124999761581421,0.6449999809265137,0.04999995231628418,176,0.056818181818181816,0.0,0.3181818181818182
0.8,0.05,0.7124999761581421,0.6449999809265137,0.04999995231628418,176,0.056818181818181816,0.0,0.3181818181818182
0.8,0.1,0.7124999761581421,0.6449999809265137,0.04999995231628418,176,0.056818181818181816,0.0,0.3181818181818182
0.9,0.0,0.6974999904632568,0.6399999856948853,0.04499995708465576,155,0.05806451612903226,0.0,0.3419354838709677
0.9,0.02,0.6974999904632568,0.6399999856948853,0.04499995708465576,155,0.05806451612903226,0.0,0.3419354838709677
0.9,0.05,0.6974999904632568,0.6399999856948853,0.04499995708465576,155,0.05806451612903226,0.0,0.3419354838709677
0.9,0.1,0.6974999904632568,0.6399999856948853,0.04499995708465576,155,0.05806451612903226,0.0,0.3419354838709677
0.5,0.0,0.7475000023841858,0.6600000262260437,0.08500003814697266,197,0.10152284263959391,0.015228426395939087,0.3401015228426396
0.5,0.02,0.7475000023841858,0.6600000262260437,0.08500003814697266,197,0.10152284263959391,0.015228426395939087,0.3401015228426396
0.5,0.05,0.7475000023841858,0.6600000262260437,0.08500003814697266,197,0.10152284263959391,0.015228426395939087,0.3401015228426396
0.5,0.1,0.7475000023841858,0.6600000262260437,0.08500003814697266,197,0.10152284263959391,0.015228426395939087,0.3401015228426396
0.6,0.0,0.7425000071525574,0.6449999809265137,0.06999999284744263,185,0.08648648648648649,0.010810810810810811,0.35135135135135137
0.6,0.02,0.7425000071525574,0.6449999809265137,0.06999999284744263,185,0.08648648648648649,0.010810810810810811,0.35135135135135137
0.6,0.05,0.7425000071525574,0.6449999809265137,0.06999999284744263,185,0.08648648648648649,0.010810810810810811,0.35135135135135137
0.6,0.1,0.7425000071525574,0.6449999809265137,0.06999999284744263,185,0.08648648648648649,0.010810810810810811,0.35135135135135137
0.7,0.0,0.7400000095367432,0.6449999809265137,0.06999999284744263,173,0.08092485549132948,0.0,0.3583815028901734
0.7,0.02,0.7400000095367432,0.6449999809265137,0.06999999284744263,173,0.08092485549132948,0.0,0.3583815028901734
0.7,0.05,0.7400000095367432,0.6449999809265137,0.06999999284744263,173,0.08092485549132948,0.0,0.3583815028901734
0.7,0.1,0.7400000095367432,0.6449999809265137,0.06999999284744263,173,0.08092485549132948,0.0,0.3583815028901734
0.8,0.0,0.7300000190734863,0.6399999856948853,0.06499999761581421,163,0.07975460122699386,0.0,0.3619631901840491
0.8,0.02,0.7300000190734863,0.6399999856948853,0.06499999761581421,163,0.07975460122699386,0.0,0.3619631901840491
0.8,0.05,0.7300000190734863,0.6399999856948853,0.06499999761581421,163,0.07975460122699386,0.0,0.3619631901840491
0.8,0.1,0.7300000190734863,0.6399999856948853,0.06499999761581421,163,0.07975460122699386,0.0,0.3619631901840491
0.9,0.0,0.7200000286102295,0.625,0.050000011920928955,140,0.07142857142857142,0.0,0.38571428571428573
0.9,0.02,0.7200000286102295,0.625,0.050000011920928955,140,0.07142857142857142,0.0,0.38571428571428573
0.9,0.05,0.7200000286102295,0.625,0.050000011920928955,140,0.07142857142857142,0.0,0.38571428571428573
0.9,0.1,0.7200000286102295,0.625,0.050000011920928955,140,0.07142857142857142,0.0,0.38571428571428573
0.5,0.0,0.6899999976158142,0.7450000047683716,0.019999980926513672,199,0.04522613065326633,0.02512562814070352,0.2562814070351759
0.5,0.02,0.6899999976158142,0.7450000047683716,0.019999980926513672,199,0.04522613065326633,0.02512562814070352,0.2562814070351759
0.5,0.05,0.6899999976158142,0.7450000047683716,0.019999980926513672,199,0.04522613065326633,0.02512562814070352,0.2562814070351759
0.5,0.1,0.6899999976158142,0.7450000047683716,0.019999980926513672,199,0.04522613065326633,0.02512562814070352,0.2562814070351759
0.6,0.0,0.6924999952316284,0.7400000095367432,0.014999985694885254,182,0.038461538461538464,0.02197802197802198,0.25824175824175827
0.6,0.02,0.6924999952316284,0.7400000095367432,0.014999985694885254,182,0.038461538461538464,0.02197802197802198,0.25824175824175827
0.6,0.05,0.6924999952316284,0.7400000095367432,0.014999985694885254,182,0.038461538461538464,0.02197802197802198,0.25824175824175827
0.6,0.1,0.6924999952316284,0.7400000095367432,0.014999985694885254,182,0.038461538461538464,0.02197802197802198,0.25824175824175827
0.7,0.0,0.6850000023841858,0.7400000095367432,0.014999985694885254,169,0.029585798816568046,0.011834319526627219,0.2485207100591716
0.7,0.02,0.6850000023841858,0.7400000095367432,0.014999985694885254,169,0.029585798816568046,0.011834319526627219,0.2485207100591716
0.7,0.05,0.6850000023841858,0.7400000095367432,0.014999985694885254,169,0.029585798816568046,0.011834319526627219,0.2485207100591716
0.7,0.1,0.6850000023841858,0.7400000095367432,0.014999985694885254,169,0.029585798816568046,0.011834319526627219,0.2485207100591716
0.8,0.0,0.6775000095367432,0.7350000143051147,0.009999990463256836,159,0.018867924528301886,0.006289308176100629,0.2578616352201258
0.8,0.02,0.6775000095367432,0.7350000143051147,0.009999990463256836,159,0.018867924528301886,0.006289308176100629,0.2578616352201258
0.8,0.05,0.6775000095367432,0.7350000143051147,0.009999990463256836,159,0.018867924528301886,0.006289308176100629,0.2578616352201258
0.8,0.1,0.6775000095367432,0.7350000143051147,0.009999990463256836,159,0.018867924528301886,0.006289308176100629,0.2578616352201258
0.9,0.0,0.6600000262260437,0.7350000143051147,0.009999990463256836,137,0.014598540145985401,0.0,0.291970802919708
0.9,0.02,0.6600000262260437,0.7350000143051147,0.009999990463256836,137,0.014598540145985401,0.0,0.291970802919708
0.9,0.05,0.6600000262260437,0.7350000143051147,0.009999990463256836,137,0.014598540145985401,0.0,0.291970802919708
0.9,0.1,0.6600000262260437,0.7350000143051147,0.009999990463256836,137,0.014598540145985401,0.0,0.291970802919708
0.5,0.0,0.800000011920929,0.5149999856948853,0.034999996423721313,196,0.05612244897959184,0.02040816326530612,0.4897959183673469
0.5,0.02,0.800000011920929,0.5149999856948853,0.034999996423721313,196,0.05612244897959184,0.02040816326530612,0.4897959183673469
0.5,0.05,0.800000011920929,0.5149999856948853,0.034999996423721313,196,0.05612244897959184,0.02040816326530612,0.4897959183673469
0.5,0.1,0.800000011920929,0.5149999856948853,0.034999996423721313,196,0.05612244897959184,0.02040816326530612,0.4897959183673469
0.6,0.0,0.7900000214576721,0.5199999809265137,0.03999999165534973,187,0.053475935828877004,0.0106951871657754,0.4919786096256685
0.6,0.02,0.7900000214576721,0.5199999809265137,0.03999999165534973,187,0.053475935828877004,0.0106951871657754,0.4919786096256685
0.6,0.05,0.7900000214576721,0.5199999809265137,0.03999999165534973,187,0.053475935828877004,0.0106951871657754,0.4919786096256685
0.6,0.1,0.7900000214576721,0.5199999809265137,0.03999999165534973,187,0.053475935828877004,0.0106951871657754,0.4919786096256685
0.7,0.0,0.7850000262260437,0.5149999856948853,0.034999996423721313,185,0.04864864864864865,0.010810810810810811,0.4918918918918919
0.7,0.02,0.7850000262260437,0.5149999856948853,0.034999996423721313,185,0.04864864864864865,0.010810810810810811,0.4918918918918919
0.7,0.05,0.7850000262260437,0.5149999856948853,0.034999996423721313,185,0.04864864864864865,0.010810810810810811,0.4918918918918919
0.7,0.1,0.7850000262260437,0.5149999856948853,0.034999996423721313,185,0.04864864864864865,0.010810810810810811,0.4918918918918919
0.8,0.0,0.7825000286102295,0.5149999856948853,0.034999996423721313,179,0.0446927374301676,0.00558659217877095,0.4972067039106145
0.8,0.02,0.7825000286102295,0.5149999856948853,0.034999996423721313,179,0.0446927374301676,0.00558659217877095,0.4972067039106145
0.8,0.05,0.7825000286102295,0.5149999856948853,0.034999996423721313,179,0.0446927374301676,0.00558659217877095,0.4972067039106145
0.8,0.1,0.7825000286102295,0.5149999856948853,0.034999996423721313,179,0.0446927374301676,0.00558659217877095,0.4972067039106145
0.9,0.0,0.762499988079071,0.5199999809265137,0.03999999165534973,151,0.052980132450331126,0.0,0.47019867549668876
0.9,0.02,0.762499988079071,0.5199999809265137,0.03999999165534973,151,0.052980132450331126,0.0,0.47019867549668876
0.9,0.05,0.762499988079071,0.5199999809265137,0.03999999165534973,151,0.052980132450331126,0.0,0.47019867549668876
0.9,0.1,0.762499988079071,0.5199999809265137,0.03999999165534973,151,0.052980132450331126,0.0,0.47019867549668876
0.5,0.0,0.6850000023841858,0.7400000095367432,0.030000030994415283,198,0.06565656565656566,0.03535353535353535,0.26262626262626265
0.5,0.02,0.6850000023841858,0.7400000095367432,0.030000030994415283,198,0.06565656565656566,0.03535353535353535,0.26262626262626265
0.5,0.05,0.6850000023841858,0.7400000095367432,0.030000030994415283,198,0.06565656565656566,0.03535353535353535,0.26262626262626265
0.5,0.1,0.6850000023841858,0.7400000095367432,0.030000030994415283,198,0.06565656565656566,0.03535353535353535,0.26262626262626265
0.6,0.0,0.6725000143051147,0.7400000095367432,0.030000030994415283,193,0.05699481865284974,0.025906735751295335,0.25906735751295334
0.6,0.02,0.6725000143051147,0.7400000095367432,0.030000030994415283,193,0.05699481865284974,0.025906735751295335,0.25906735751295334
0.6,0.05,0.6725000143051147,0.7400000095367432,0.030000030994415283,193,0.05699481865284974,0.025906735751295335,0.25906735751295334
0.6,0.1,0.6725000143051147,0.7400000095367432,0.030000030994415283,193,0.05699481865284974,0.025906735751295335,0.25906735751295334
0.7,0.0,0.6650000214576721,0.7400000095367432,0.030000030994415283,181,0.06077348066298342,0.027624309392265192,0.2596685082872928
0.7,0.02,0.6650000214576721,0.7400000095367432,0.030000030994415283,181,0.06077348066298342,0.027624309392265192,0.2596685082872928
0.7,0.05,0.6650000214576721,0.7400000095367432,0.030000030994415283,181,0.06077348066298342,0.027624309392265192,0.2596685082872928
0.7,0.1,0.6650000214576721,0.7400000095367432,0.030000030994415283,181,0.06077348066298342,0.027624309392265192,0.2596685082872928
0.8,0.0,0.6600000262260437,0.7450000047683716,0.0350000262260437,166,0.05421686746987952,0.012048192771084338,0.25301204819277107
0.8,0.02,0.6600000262260437,0.7450000047683716,0.0350000262260437,166,0.05421686746987952,0.012048192771084338,0.25301204819277107
0.8,0.05,0.6600000262260437,0.7450000047683716,0.0350000262260437,166,0.05421686746987952,0.012048192771084338,0.25301204819277107
0.8,0.1,0.6600000262260437,0.7450000047683716,0.0350000262260437,166,0.05421686746987952,0.012048192771084338,0.25301204819277107
0.9,0.0,0.6499999761581421,0.7450000047683716,0.0350000262260437,144,0.05555555555555555,0.006944444444444444,0.22916666666666666
0.9,0.02,0.6499999761581421,0.7450000047683716,0.0350000262260437,144,0.05555555555555555,0.006944444444444444,0.22916666666666666
0.9,0.05,0.6499999761581421,0.7450000047683716,0.0350000262260437,144,0.05555555555555555,0.006944444444444444,0.22916666666666666
0.9,0.1,0.6499999761581421,0.7450000047683716,0.0350000262260437,144,0.05555555555555555,0.006944444444444444,0.22916666666666666
0.5,0.0,0.7024999856948853,0.6899999976158142,0.05500000715255737,199,0.07537688442211055,0.020100502512562814,0.31155778894472363
0.5,0.02,0.7024999856948853,0.6899999976158142,0.05500000715255737,199,0.07537688442211055,0.020100502512562814,0.31155778894472363
0.5,0.05,0.7024999856948853,0.6899999976158142,0.05500000715255737,199,0.07537688442211055,0.020100502512562814,0.31155778894472363
0.5,0.1,0.7024999856948853,0.6899999976158142,0.05500000715255737,199,0.07537688442211055,0.020100502512562814,0.31155778894472363
0.6,0.0,0.6924999952316284,0.6850000023841858,0.050000011920928955,191,0.06806282722513089,0.015706806282722512,0.3089005235602094
0.6,0.02,0.6924999952316284,0.6850000023841858,0.050000011920928955,191,0.06806282722513089,0.015706806282722512,0.3089005235602094
0.6,0.05,0.6924999952316284,0.6850000023841858,0.050000011920928955,191,0.06806282722513089,0.015706806282722512,0.3089005235602094
0.6,0.1,0.6924999952316284,0.6850000023841858,0.050000011920928955,191,0.06806282722513089,0.015706806282722512,0.3089005235602094
0.7,0.0,0.6949999928474426,0.6850000023841858,0.050000011920928955,180,0.06111111111111111,0.005555555555555556,0.29444444444444445
0.7,0.02,0.6949999928474426,0.6850000023841858,0.050000011920928955,180,0.06111111111111111,0.005555555555555556,0.29444444444444445
0.7,0.05,0.6949999928474426,0.6850000023841858,0.050000011920928955,180,0.06111111111111111,0.005555555555555556,0.29444444444444445
0.7,0.1,0.6949999928474426,0.6850000023841858,0.050000011920928955,180,0.06111111111111111,0.005555555555555556,0.29444444444444445
0.8,0.0,0.6800000071525574,0.6850000023841858,0.050000011920928955,174,0.05747126436781609,0.0,0.28735632183908044
0.8,0.02,0.6800000071525574,0.6850000023841858,0.050000011920928955,174,0.05747126436781609,0.0,0.28735632183908044
0.8,0.05,0.6800000071525574,0.6850000023841858,0.050000011920928955,174,0.05747126436781609,0.0,0.28735632183908044
0.8,0.1,0.6800000071525574,0.6850000023841858,0.050000011920928955,174,0.05747126436781609,0.0,0.28735632183908044
0.9,0.0,0.6725000143051147,0.6700000166893005,0.0350000262260437,145,0.04827586206896552,0.0,0.2896551724137931
0.9,0.02,0.6725000143051147,0.6700000166893005,0.0350000262260437,145,0.04827586206896552,0.0,0.2896551724137931
0.9,0.05,0.6725000143051147,0.6700000166893005,0.0350000262260437,145,0.04827586206896552,0.0,0.2896551724137931
0.9,0.1,0.6725000143051147,0.6700000166893005,0.0350000262260437,145,0.04827586206896552,0.0,0.2896551724137931
0.5,0.0,0.7049999833106995,0.6850000023841858,0.08499997854232788,196,0.11734693877551021,0.030612244897959183,0.3112244897959184
0.5,0.02,0.7049999833106995,0.6850000023841858,0.08499997854232788,196,0.11734693877551021,0.030612244897959183,0.3112244897959184
0.5,0.05,0.7049999833106995,0.6850000023841858,0.08499997854232788,196,0.11734693877551021,0.030612244897959183,0.3112244897959184
0.5,0.1,0.7049999833106995,0.6850000023841858,0.08499997854232788,196,0.11734693877551021,0.030612244897959183,0.3112244897959184
0.6,0.0,0.7074999809265137,0.6949999928474426,0.09499996900558472,190,0.11578947368421053,0.015789473684210527,0.29473684210526313
0.6,0.02,0.7074999809265137,0.6949999928474426,0.09499996900558472,190,0.11578947368421053,0.015789473684210527,0.29473684210526313
0.6,0.05,0.7074999809265137,0.6949999928474426,0.09499996900558472,190,0.11578947368421053,0.015789473684210527,0.29473684210526313
0.6,0.1,0.7074999809265137,0.6949999928474426,0.09499996900558472,190,0.11578947368421053,0.015789473684210527,0.29473684210526313
0.7,0.0,0.7049999833106995,0.6850000023841858,0.08499997854232788,177,0.10734463276836158,0.011299435028248588,0.2937853107344633
0.7,0.02,0.7049999833106995,0.6850000023841858,0.08499997854232788,177,0.10734463276836158,0.011299435028248588,0.2937853107344633
0.7,0.05,0.7049999833106995,0.6850000023841858,0.08499997854232788,177,0.10734463276836158,0.011299435028248588,0.2937853107344633
0.7,0.1,0.7049999833106995,0.6850000023841858,0.08499997854232788,177,0.10734463276836158,0.011299435028248588,0.2937853107344633
0.8,0.0,0.699999988079071,0.6650000214576721,0.06499999761581421,159,0.0880503144654088,0.006289308176100629,0.2893081761006289
0.8,0.02,0.699999988079071,0.6650000214576721,0.06499999761581421,159,0.0880503144654088,0.006289308176100629,0.2893081761006289
0.8,0.05,0.699999988079071,0.6650000214576721,0.06499999761581421,159,0.0880503144654088,0.006289308176100629,0.2893081761006289
0.8,0.1,0.699999988079071,0.6650000214576721,0.06499999761581421,159,0.0880503144654088,0.006289308176100629,0.2893081761006289
0.9,0.0,0.6899999976158142,0.6499999761581421,0.04999995231628418,121,0.08264462809917356,0.0,0.2066115702479339
0.9,0.02,0.6899999976158142,0.6499999761581421,0.04999995231628418,121,0.08264462809917356,0.0,0.2066115702479339
0.9,0.05,0.6899999976158142,0.6499999761581421,0.04999995231628418,121,0.08264462809917356,0.0,0.2066115702479339
0.9,0.1,0.6899999976158142,0.6499999761581421,0.04999995231628418,121,0.08264462809917356,0.0,0.2066115702479339
0.5,0.0,0.7850000262260437,0.5299999713897705,0.06499996781349182,198,0.07575757575757576,0.010101010101010102,0.47474747474747475
0.5,0.02,0.7850000262260437,0.5299999713897705,0.06499996781349182,198,0.07575757575757576,0.010101010101010102,0.47474747474747475
0.5,0.05,0.7850000262260437,0.5299999713897705,0.06499996781349182,198,0.07575757575757576,0.010101010101010102,0.47474747474747475
0.5,0.1,0.7850000262260437,0.5299999713897705,0.06499996781349182,198,0.07575757575757576,0.010101010101010102,0.47474747474747475
0.6,0.0,0.7900000214576721,0.5249999761581421,0.0599999725818634,192,0.06770833333333333,0.005208333333333333,0.4791666666666667
0.6,0.02,0.7900000214576721,0.5249999761581421,0.0599999725818634,192,0.06770833333333333,0.005208333333333333,0.4791666666666667
0.6,0.05,0.7900000214576721,0.5249999761581421,0.0599999725818634,192,0.06770833333333333,0.005208333333333333,0.4791666666666667
0.6,0.1,0.7900000214576721,0.5249999761581421,0.0599999725818634,192,0.06770833333333333,0.005208333333333333,0.4791666666666667
0.7,0.0,0.7850000262260437,0.5149999856948853,0.04999998211860657,183,0.0546448087431694,0.0,0.48633879781420764
0.7,0.02,0.7850000262260437,0.5149999856948853,0.04999998211860657,183,0.0546448087431694,0.0,0.48633879781420764
0.7,0.05,0.7850000262260437,0.5149999856948853,0.04999998211860657,183,0.0546448087431694,0.0,0.48633879781420764
0.7,0.1,0.7850000262260437,0.5149999856948853,0.04999998211860657,183,0.0546448087431694,0.0,0.48633879781420764
0.8,0.0,0.7774999737739563,0.5099999904632568,0.04499998688697815,173,0.05202312138728324,0.0,0.4913294797687861
0.8,0.02,0.7774999737739563,0.5099999904632568,0.04499998688697815,173,0.05202312138728324,0.0,0.4913294797687861
0.8,0.05,0.7774999737739563,0.5099999904632568,0.04499998688697815,173,0.05202312138728324,0.0,0.4913294797687861
0.8,0.1,0.7774999737739563,0.5099999904632568,0.04499998688697815,173,0.05202312138728324,0.0,0.4913294797687861
0.9,0.0,0.7649999856948853,0.5,0.034999996423721313,143,0.04895104895104895,0.0,0.4825174825174825
0.9,0.02,0.7649999856948853,0.5,0.034999996423721313,143,0.04895104895104895,0.0,0.4825174825174825
0.9,0.05,0.7649999856948853,0.5,0.034999996423721313,143,0.04895104895104895,0.0,0.4825174825174825
0.9,0.1,0.7649999856948853,0.5,0.034999996423721313,143,0.04895104895104895,0.0,0.4825174825174825
