ood_type,ood_scale,mechanism,utility,utility_type,utility_complexity,match
ID,0.5,AEPCompressor,H_linear_0,linear,1,0.99
ID,0.5,ResidualCompressor,H_linear_0,linear,1,0.99
ID,0.5,RawMemoryOutcomeTableFull,H_linear_0,linear,1,0.99
ID,0.5,PrototypeOutcomeTable,H_linear_0,linear,1,0.99
ID,0.5,AEPCompressor,H_linear_1,linear,1,0.99
ID,0.5,ResidualCompressor,H_linear_1,linear,1,0.99
ID,0.5,RawMemoryOutcomeTableFull,H_linear_1,linear,1,0.99
ID,0.5,PrototypeOutcomeTable,H_linear_1,linear,1,0.99
ID,0.5,AEPCompressor,H_linear_2,linear,1,0.9925
ID,0.5,ResidualCompressor,H_linear_2,linear,1,0.9925
ID,0.5,RawMemoryOutcomeTableFull,H_linear_2,linear,1,0.9925
ID,0.5,PrototypeOutcomeTable,H_linear_2,linear,1,0.9925
ID,0.5,AEPCompressor,H_linear_3,linear,1,0.985
ID,0.5,ResidualCompressor,H_linear_3,linear,1,0.985
ID,0.5,RawMemoryOutcomeTableFull,H_linear_3,linear,1,0.985
ID,0.5,PrototypeOutcomeTable,H_linear_3,linear,1,0.985
ID,0.5,AEPCompressor,H_linear_4,linear,1,0.995
ID,0.5,ResidualCompressor,H_linear_4,linear,1,0.995
ID,0.5,RawMemoryOutcomeTableFull,H_linear_4,linear,1,0.995
ID,0.5,PrototypeOutcomeTable,H_linear_4,linear,1,0.995
ID,0.5,AEPCompressor,H_linear_5,linear,1,0.96
ID,0.5,ResidualCompressor,H_linear_5,linear,1,0.9625
ID,0.5,RawMemoryOutcomeTableFull,H_linear_5,linear,1,0.96
ID,0.5,PrototypeOutcomeTable,H_linear_5,linear,1,0.96
ID,0.5,AEPCompressor,H_target_6,target,2,1.0
ID,0.5,ResidualCompressor,H_target_6,target,2,1.0
ID,0.5,RawMemoryOutcomeTableFull,H_target_6,target,2,1.0
ID,0.5,PrototypeOutcomeTable,H_target_6,target,2,1.0
ID,0.5,AEPCompressor,H_target_7,target,2,1.0
ID,0.5,ResidualCompressor,H_target_7,target,2,1.0
ID,0.5,RawMemoryOutcomeTableFull,H_target_7,target,2,1.0
ID,0.5,PrototypeOutcomeTable,H_target_7,target,2,1.0
ID,0.5,AEPCompressor,H_target_8,target,2,0.965
ID,0.5,ResidualCompressor,H_target_8,target,2,0.965
ID,0.5,RawMemoryOutcomeTableFull,H_target_8,target,2,0.965
ID,0.5,PrototypeOutcomeTable,H_target_8,target,2,0.965
ID,0.5,AEPCompressor,H_target_9,target,2,0.535
ID,0.5,ResidualCompressor,H_target_9,target,2,0.59
ID,0.5,RawMemoryOutcomeTableFull,H_target_9,target,2,0.4775
ID,0.5,PrototypeOutcomeTable,H_target_9,target,2,0.5375
ID,0.5,AEPCompressor,H_target_10,target,2,0.9575
ID,0.5,ResidualCompressor,H_target_10,target,2,0.995
ID,0.5,RawMemoryOutcomeTableFull,H_target_10,target,2,0.995
ID,0.5,PrototypeOutcomeTable,H_target_10,target,2,0.995
ID,0.5,AEPCompressor,H_piecewise_15,piecewise,4,0.6325
ID,0.5,ResidualCompressor,H_piecewise_15,piecewise,4,0.6975
ID,0.5,RawMemoryOutcomeTableFull,H_piecewise_15,piecewise,4,0.51
ID,0.5,PrototypeOutcomeTable,H_piecewise_15,piecewise,4,0.5225
ID,0.5,AEPCompressor,H_piecewise_18,piecewise,4,0.6325
ID,0.5,ResidualCompressor,H_piecewise_18,piecewise,4,0.6975
ID,0.5,RawMemoryOutcomeTableFull,H_piecewise_18,piecewise,4,0.505
ID,0.5,PrototypeOutcomeTable,H_piecewise_18,piecewise,4,0.5225
ID,0.5,AEPCompressor,H_multiobj_24,multiobj,7,1.0
ID,0.5,ResidualCompressor,H_multiobj_24,multiobj,7,1.0
ID,0.5,RawMemoryOutcomeTableFull,H_multiobj_24,multiobj,7,1.0
ID,0.5,PrototypeOutcomeTable,H_multiobj_24,multiobj,7,1.0
near_OOD,1.5,AEPCompressor,H_linear_0,linear,1,0.8025
near_OOD,1.5,ResidualCompressor,H_linear_0,linear,1,0.87
near_OOD,1.5,RawMemoryOutcomeTableFull,H_linear_0,linear,1,0.9775
near_OOD,1.5,PrototypeOutcomeTable,H_linear_0,linear,1,0.9775
near_OOD,1.5,AEPCompressor,H_linear_1,linear,1,0.865
near_OOD,1.5,ResidualCompressor,H_linear_1,linear,1,0.9075
near_OOD,1.5,RawMemoryOutcomeTableFull,H_linear_1,linear,1,0.9825
near_OOD,1.5,PrototypeOutcomeTable,H_linear_1,linear,1,0.9825
near_OOD,1.5,AEPCompressor,H_linear_2,linear,1,0.92
near_OOD,1.5,ResidualCompressor,H_linear_2,linear,1,0.9725
near_OOD,1.5,RawMemoryOutcomeTableFull,H_linear_2,linear,1,0.9875
near_OOD,1.5,PrototypeOutcomeTable,H_linear_2,linear,1,0.9875
near_OOD,1.5,AEPCompressor,H_linear_3,linear,1,0.87
near_OOD,1.5,ResidualCompressor,H_linear_3,linear,1,0.94
near_OOD,1.5,RawMemoryOutcomeTableFull,H_linear_3,linear,1,0.9825
near_OOD,1.5,PrototypeOutcomeTable,H_linear_3,linear,1,0.9825
near_OOD,1.5,AEPCompressor,H_linear_4,linear,1,0.8975
near_OOD,1.5,ResidualCompressor,H_linear_4,linear,1,0.9325
near_OOD,1.5,RawMemoryOutcomeTableFull,H_linear_4,linear,1,0.985
near_OOD,1.5,PrototypeOutcomeTable,H_linear_4,linear,1,0.985
near_OOD,1.5,AEPCompressor,H_linear_5,linear,1,0.54
near_OOD,1.5,ResidualCompressor,H_linear_5,linear,1,0.66
near_OOD,1.5,RawMemoryOutcomeTableFull,H_linear_5,linear,1,0.96
near_OOD,1.5,PrototypeOutcomeTable,H_linear_5,linear,1,0.96
near_OOD,1.5,AEPCompressor,H_target_6,target,2,0.64
near_OOD,1.5,ResidualCompressor,H_target_6,target,2,0.665
near_OOD,1.5,RawMemoryOutcomeTableFull,H_target_6,target,2,1.0
near_OOD,1.5,PrototypeOutcomeTable,H_target_6,target,2,1.0
near_OOD,1.5,AEPCompressor,H_target_7,target,2,0.7825
near_OOD,1.5,ResidualCompressor,H_target_7,target,2,0.96
near_OOD,1.5,RawMemoryOutcomeTableFull,H_target_7,target,2,0.9975
near_OOD,1.5,PrototypeOutcomeTable,H_target_7,target,2,0.9975
near_OOD,1.5,AEPCompressor,H_target_8,target,2,0.755
near_OOD,1.5,ResidualCompressor,H_target_8,target,2,0.8175
near_OOD,1.5,RawMemoryOutcomeTableFull,H_target_8,target,2,0.965
near_OOD,1.5,PrototypeOutcomeTable,H_target_8,target,2,0.965
near_OOD,1.5,AEPCompressor,H_target_9,target,2,0.45
near_OOD,1.5,ResidualCompressor,H_target_9,target,2,0.47
near_OOD,1.5,RawMemoryOutcomeTableFull,H_target_9,target,2,0.4975
near_OOD,1.5,PrototypeOutcomeTable,H_target_9,target,2,0.46
near_OOD,1.5,AEPCompressor,H_target_10,target,2,0.765
near_OOD,1.5,ResidualCompressor,H_target_10,target,2,0.6875
near_OOD,1.5,RawMemoryOutcomeTableFull,H_target_10,target,2,0.9925
near_OOD,1.5,PrototypeOutcomeTable,H_target_10,target,2,0.9925
near_OOD,1.5,AEPCompressor,H_piecewise_15,piecewise,4,0.5275
near_OOD,1.5,ResidualCompressor,H_piecewise_15,piecewise,4,0.545
near_OOD,1.5,RawMemoryOutcomeTableFull,H_piecewise_15,piecewise,4,0.515
near_OOD,1.5,PrototypeOutcomeTable,H_piecewise_15,piecewise,4,0.5075
near_OOD,1.5,AEPCompressor,H_piecewise_18,piecewise,4,0.5375
near_OOD,1.5,ResidualCompressor,H_piecewise_18,piecewise,4,0.5425
near_OOD,1.5,RawMemoryOutcomeTableFull,H_piecewise_18,piecewise,4,0.515
near_OOD,1.5,PrototypeOutcomeTable,H_piecewise_18,piecewise,4,0.5075
near_OOD,1.5,AEPCompressor,H_multiobj_24,multiobj,7,1.0
near_OOD,1.5,ResidualCompressor,H_multiobj_24,multiobj,7,1.0
near_OOD,1.5,RawMemoryOutcomeTableFull,H_multiobj_24,multiobj,7,1.0
near_OOD,1.5,PrototypeOutcomeTable,H_multiobj_24,multiobj,7,1.0
far_OOD,3.0,AEPCompressor,H_linear_0,linear,1,0.545
far_OOD,3.0,ResidualCompressor,H_linear_0,linear,1,0.585
far_OOD,3.0,RawMemoryOutcomeTableFull,H_linear_0,linear,1,0.985
far_OOD,3.0,PrototypeOutcomeTable,H_linear_0,linear,1,0.985
far_OOD,3.0,AEPCompressor,H_linear_1,linear,1,0.61
far_OOD,3.0,ResidualCompressor,H_linear_1,linear,1,0.6625
far_OOD,3.0,RawMemoryOutcomeTableFull,H_linear_1,linear,1,0.9875
far_OOD,3.0,PrototypeOutcomeTable,H_linear_1,linear,1,0.9875
far_OOD,3.0,AEPCompressor,H_linear_2,linear,1,0.7175
far_OOD,3.0,ResidualCompressor,H_linear_2,linear,1,0.8125
far_OOD,3.0,RawMemoryOutcomeTableFull,H_linear_2,linear,1,0.995
far_OOD,3.0,PrototypeOutcomeTable,H_linear_2,linear,1,0.995
far_OOD,3.0,AEPCompressor,H_linear_3,linear,1,0.655
far_OOD,3.0,ResidualCompressor,H_linear_3,linear,1,0.755
far_OOD,3.0,RawMemoryOutcomeTableFull,H_linear_3,linear,1,0.985
far_OOD,3.0,PrototypeOutcomeTable,H_linear_3,linear,1,0.985
far_OOD,3.0,AEPCompressor,H_linear_4,linear,1,0.655
far_OOD,3.0,ResidualCompressor,H_linear_4,linear,1,0.715
far_OOD,3.0,RawMemoryOutcomeTableFull,H_linear_4,linear,1,0.99
far_OOD,3.0,PrototypeOutcomeTable,H_linear_4,linear,1,0.99
far_OOD,3.0,AEPCompressor,H_linear_5,linear,1,0.54
far_OOD,3.0,ResidualCompressor,H_linear_5,linear,1,0.615
far_OOD,3.0,RawMemoryOutcomeTableFull,H_linear_5,linear,1,0.9625
far_OOD,3.0,PrototypeOutcomeTable,H_linear_5,linear,1,0.9625
far_OOD,3.0,AEPCompressor,H_target_6,target,2,0.61
far_OOD,3.0,ResidualCompressor,H_target_6,target,2,0.5375
far_OOD,3.0,RawMemoryOutcomeTableFull,H_target_6,target,2,1.0
far_OOD,3.0,PrototypeOutcomeTable,H_target_6,target,2,1.0
far_OOD,3.0,AEPCompressor,H_target_7,target,2,0.5575
far_OOD,3.0,ResidualCompressor,H_target_7,target,2,0.8175
far_OOD,3.0,RawMemoryOutcomeTableFull,H_target_7,target,2,0.9975
far_OOD,3.0,PrototypeOutcomeTable,H_target_7,target,2,0.9975
far_OOD,3.0,AEPCompressor,H_target_8,target,2,0.51
far_OOD,3.0,ResidualCompressor,H_target_8,target,2,0.5825
far_OOD,3.0,RawMemoryOutcomeTableFull,H_target_8,target,2,0.9675
far_OOD,3.0,PrototypeOutcomeTable,H_target_8,target,2,0.9675
far_OOD,3.0,AEPCompressor,H_target_9,target,2,0.425
far_OOD,3.0,ResidualCompressor,H_target_9,target,2,0.4175
far_OOD,3.0,RawMemoryOutcomeTableFull,H_target_9,target,2,0.3925
far_OOD,3.0,PrototypeOutcomeTable,H_target_9,target,2,0.4
far_OOD,3.0,AEPCompressor,H_target_10,target,2,0.5925
far_OOD,3.0,ResidualCompressor,H_target_10,target,2,0.4775
far_OOD,3.0,RawMemoryOutcomeTableFull,H_target_10,target,2,0.995
far_OOD,3.0,PrototypeOutcomeTable,H_target_10,target,2,0.995
far_OOD,3.0,AEPCompressor,H_piecewise_15,piecewise,4,0.5
far_OOD,3.0,ResidualCompressor,H_piecewise_15,piecewise,4,0.5675
far_OOD,3.0,RawMemoryOutcomeTableFull,H_piecewise_15,piecewise,4,0.54
far_OOD,3.0,PrototypeOutcomeTable,H_piecewise_15,piecewise,4,0.4575
far_OOD,3.0,AEPCompressor,H_piecewise_18,piecewise,4,0.4825
far_OOD,3.0,ResidualCompressor,H_piecewise_18,piecewise,4,0.55
far_OOD,3.0,RawMemoryOutcomeTableFull,H_piecewise_18,piecewise,4,0.5375
far_OOD,3.0,PrototypeOutcomeTable,H_piecewise_18,piecewise,4,0.46
far_OOD,3.0,AEPCompressor,H_multiobj_24,multiobj,7,1.0
far_OOD,3.0,ResidualCompressor,H_multiobj_24,multiobj,7,1.0
far_OOD,3.0,RawMemoryOutcomeTableFull,H_multiobj_24,multiobj,7,1.0
far_OOD,3.0,PrototypeOutcomeTable,H_multiobj_24,multiobj,7,1.0
